2026-06-01 02:42:44,139 - INFO - ✅ Todas las variables de entorno críticas están configuradas
2026-06-01 02:42:44,141 - INFO - 🔧 Iniciando en modo debug...
2026-06-01 02:42:44,141 - INFO - Python version: 3.13.2 (tags/v3.13.2:4f8bb39, Feb  4 2025, 15:23:48) [MSC v.1942 64 bit (AMD64)]
2026-06-01 02:42:44,146 - INFO - 🧵 Thread asíncrono iniciado
2026-06-01 02:42:44,147 - INFO - 🖥️  Iniciando interfaz de usuario...
2026-06-01 02:42:44,340 - INFO - 🔄 Iniciando loop asyncio...
2026-06-01 02:42:44,495 - INFO - ✅ Turnos cargados: 2 turnos
2026-06-01 02:42:44,495 - INFO -    Turno 1 (Diurno): 08:00 - 20:00
2026-06-01 02:42:44,496 - INFO -    Turno 2 (Nocturno): 20:00 - 08:00
2026-06-01 02:42:44,496 - INFO - 🔄 Configuración de turnos actualizada desde BD
2026-06-01 02:42:44,496 - INFO - 🚀 Supervisor iniciado
2026-06-01 02:42:44,501 - INFO - 📋 Configuración cargada: 1 IPs, 1 estaciones
2026-06-01 02:42:44,501 - INFO - 🔌 Iniciando PLC reader para 10.1.1.1:5002
2026-06-01 02:42:44,502 - INFO - 🔌 Intentando conectar a PLC 10.1.1.1:5002
2026-06-01 02:42:44,506 - INFO - ✅ Conectado a PLC 10.1.1.1:5002
2026-06-01 03:05:55,291 - WARNING - ⚠️ OSError [None] leyendo 'D3680' en PLC 10.1.1.1: timed out
2026-06-01 03:05:55,291 - WARNING - ⏱️ Timeout leyendo PLC 10.1.1.1 — cerrando socket y reconectando (delay corto)...
2026-06-01 03:05:57,296 - INFO - 🔌 Intentando conectar a PLC 10.1.1.1:5002
2026-06-01 03:05:57,301 - INFO - ✅ Conectado a PLC 10.1.1.1:5002
2026-06-01 03:22:01,046 - WARNING - ⚠️ OSError [None] leyendo 'D3680' en PLC 10.1.1.1: timed out
2026-06-01 03:22:01,047 - WARNING - ⏱️ Timeout leyendo PLC 10.1.1.1 — cerrando socket y reconectando (delay corto)...
2026-06-01 03:22:03,054 - INFO - 🔌 Intentando conectar a PLC 10.1.1.1:5002
2026-06-01 03:22:03,070 - INFO - ✅ Conectado a PLC 10.1.1.1:5002
2026-06-01 03:37:02,549 - WARNING - ⚠️ OSError [None] leyendo 'D3680' en PLC 10.1.1.1: timed out
2026-06-01 03:37:02,549 - WARNING - ⏱️ Timeout leyendo PLC 10.1.1.1 — cerrando socket y reconectando (delay corto)...
2026-06-01 03:37:04,557 - INFO - 🔌 Intentando conectar a PLC 10.1.1.1:5002
2026-06-01 03:37:04,574 - INFO - ✅ Conectado a PLC 10.1.1.1:5002
2026-06-01 05:08:42,348 - WARNING - ⚠️ OSError [None] leyendo 'D3680' en PLC 10.1.1.1: timed out
2026-06-01 05:08:42,354 - WARNING - ⏱️ Timeout leyendo PLC 10.1.1.1 — cerrando socket y reconectando (delay corto)...
2026-06-01 05:08:44,360 - INFO - 🔌 Intentando conectar a PLC 10.1.1.1:5002
2026-06-01 05:08:44,379 - INFO - ✅ Conectado a PLC 10.1.1.1:5002
2026-06-01 06:21:12,860 - WARNING - ⚠️ OSError [None] leyendo 'D3680' en PLC 10.1.1.1: timed out
2026-06-01 06:21:12,869 - WARNING - ⏱️ Timeout leyendo PLC 10.1.1.1 — cerrando socket y reconectando (delay corto)...
2026-06-01 06:21:14,872 - INFO - 🔌 Intentando conectar a PLC 10.1.1.1:5002
2026-06-01 06:21:14,886 - INFO - ✅ Conectado a PLC 10.1.1.1:5002
2026-06-01 10:11:44,021 - WARNING - ⚠️ OSError [None] leyendo 'D2830' en PLC 10.1.1.1: timed out
2026-06-01 10:11:44,026 - WARNING - ⏱️ Timeout leyendo PLC 10.1.1.1 — cerrando socket y reconectando (delay corto)...
2026-06-01 10:11:46,041 - INFO - 🔌 Intentando conectar a PLC 10.1.1.1:5002
2026-06-01 10:11:56,030 - INFO - ✅ Conectado a PLC 10.1.1.1:5002
2026-06-01 11:15:32,571 - WARNING - ⚠️ OSError [None] leyendo 'D3680' en PLC 10.1.1.1: timed out
2026-06-01 11:15:32,571 - WARNING - ⏱️ Timeout leyendo PLC 10.1.1.1 — cerrando socket y reconectando (delay corto)...
2026-06-01 11:15:34,577 - INFO - 🔌 Intentando conectar a PLC 10.1.1.1:5002
2026-06-01 11:15:34,581 - INFO - ✅ Conectado a PLC 10.1.1.1:5002
2026-06-01 11:28:21,330 - WARNING - ⚠️ OSError [None] leyendo 'D2830' en PLC 10.1.1.1: timed out
2026-06-01 11:28:21,331 - WARNING - ⏱️ Timeout leyendo PLC 10.1.1.1 — cerrando socket y reconectando (delay corto)...
2026-06-01 11:28:23,345 - INFO - 🔌 Intentando conectar a PLC 10.1.1.1:5002
2026-06-01 11:28:23,358 - INFO - ✅ Conectado a PLC 10.1.1.1:5002
2026-06-01 11:28:49,558 - WARNING - ⚠️ OSError [None] leyendo 'D2830' en PLC 10.1.1.1: timed out
2026-06-01 11:28:49,559 - WARNING - ⏱️ Timeout leyendo PLC 10.1.1.1 — cerrando socket y reconectando (delay corto)...
2026-06-01 11:28:51,567 - INFO - 🔌 Intentando conectar a PLC 10.1.1.1:5002
2026-06-01 11:28:51,583 - INFO - ✅ Conectado a PLC 10.1.1.1:5002
2026-06-01 13:22:21,350 - WARNING - ⚠️ OSError [None] leyendo 'D2010' en PLC 10.1.1.1: timed out
2026-06-01 13:22:21,357 - WARNING - ⏱️ Timeout leyendo PLC 10.1.1.1 — cerrando socket y reconectando (delay corto)...
2026-06-01 13:22:23,361 - INFO - 🔌 Intentando conectar a PLC 10.1.1.1:5002
2026-06-01 13:22:23,374 - INFO - ✅ Conectado a PLC 10.1.1.1:5002
2026-06-01 18:13:35,511 - WARNING - ⚠️ OSError [None] leyendo 'D2830' en PLC 10.1.1.1: timed out
2026-06-01 18:13:35,522 - WARNING - ⏱️ Timeout leyendo PLC 10.1.1.1 — cerrando socket y reconectando (delay corto)...
2026-06-01 18:13:37,533 - INFO - 🔌 Intentando conectar a PLC 10.1.1.1:5002
2026-06-01 18:13:37,551 - INFO - ✅ Conectado a PLC 10.1.1.1:5002
2026-06-01 19:04:57,811 - WARNING - ⚠️ OSError [None] leyendo 'D2830' en PLC 10.1.1.1: timed out
2026-06-01 19:04:57,812 - WARNING - ⏱️ Timeout leyendo PLC 10.1.1.1 — cerrando socket y reconectando (delay corto)...
2026-06-01 19:04:59,815 - INFO - 🔌 Intentando conectar a PLC 10.1.1.1:5002
2026-06-01 19:04:59,832 - INFO - ✅ Conectado a PLC 10.1.1.1:5002
2026-06-01 20:26:13,109 - WARNING - ⚠️ OSError [None] leyendo 'D3680' en PLC 10.1.1.1: timed out
2026-06-01 20:26:13,115 - WARNING - ⏱️ Timeout leyendo PLC 10.1.1.1 — cerrando socket y reconectando (delay corto)...
2026-06-01 20:26:15,133 - INFO - 🔌 Intentando conectar a PLC 10.1.1.1:5002
2026-06-01 20:26:15,142 - INFO - ✅ Conectado a PLC 10.1.1.1:5002
2026-06-01 21:18:33,877 - WARNING - ⚠️ OSError [None] leyendo 'D2010' en PLC 10.1.1.1: timed out
2026-06-01 21:18:33,878 - WARNING - ⏱️ Timeout leyendo PLC 10.1.1.1 — cerrando socket y reconectando (delay corto)...
2026-06-01 21:18:35,885 - INFO - 🔌 Intentando conectar a PLC 10.1.1.1:5002
2026-06-01 21:18:35,890 - INFO - ✅ Conectado a PLC 10.1.1.1:5002
2026-06-02 01:21:27,841 - WARNING - ⚠️ OSError [None] leyendo 'D2830' en PLC 10.1.1.1: timed out
2026-06-02 01:21:27,850 - WARNING - ⏱️ Timeout leyendo PLC 10.1.1.1 — cerrando socket y reconectando (delay corto)...
2026-06-02 01:21:29,861 - INFO - 🔌 Intentando conectar a PLC 10.1.1.1:5002
2026-06-02 01:21:29,874 - INFO - ✅ Conectado a PLC 10.1.1.1:5002
2026-06-02 01:37:02,845 - WARNING - ⚠️ OSError [None] leyendo 'D2830' en PLC 10.1.1.1: timed out
2026-06-02 01:37:02,847 - WARNING - ⏱️ Timeout leyendo PLC 10.1.1.1 — cerrando socket y reconectando (delay corto)...
2026-06-02 01:37:04,848 - INFO - 🔌 Intentando conectar a PLC 10.1.1.1:5002
2026-06-02 01:37:04,865 - INFO - ✅ Conectado a PLC 10.1.1.1:5002
2026-06-02 03:08:44,559 - INFO - 📝 NUEVO registro: 2500T TR - DGH9 71 051
2026-06-02 03:22:34,396 - INFO - ℹ️ Ya registrado HOY: 2500T TR - DGH9 71 051
2026-06-02 03:22:40,360 - INFO - ℹ️ Ya registrado HOY: 2500T TR - DGH9 71 051
2026-06-02 03:22:44,421 - INFO - ℹ️ Ya registrado HOY: 2500T TR - DGH9 71 051
2026-06-02 03:22:47,441 - INFO - ℹ️ Ya registrado HOY: 2500T TR - DGH9 71 051
2026-06-02 03:22:51,500 - INFO - ℹ️ Ya registrado HOY: 2500T TR - DGH9 71 051
2026-06-02 03:22:53,525 - INFO - ℹ️ Ya registrado HOY: 2500T TR - DGH9 71 051
2026-06-02 03:22:56,549 - INFO - ℹ️ Ya registrado HOY: 2500T TR - DGH9 71 051
2026-06-02 03:22:59,610 - INFO - ℹ️ Ya registrado HOY: 2500T TR - DGH9 71 051
2026-06-02 03:23:01,633 - INFO - ℹ️ Ya registrado HOY: 2500T TR - DGH9 71 051
2026-06-02 03:23:04,653 - INFO - ℹ️ Ya registrado HOY: 2500T TR - DGH9 71 051
2026-06-02 03:23:06,688 - INFO - ℹ️ Ya registrado HOY: 2500T TR - DGH9 71 051
2026-06-02 03:23:09,697 - INFO - ℹ️ Ya registrado HOY: 2500T TR - DGH9 71 051
2026-06-02 03:23:11,704 - INFO - ℹ️ Ya registrado HOY: 2500T TR - DGH9 71 051
2026-06-02 03:23:14,765 - INFO - ℹ️ Ya registrado HOY: 2500T TR - DGH9 71 051
2026-06-02 03:23:16,776 - INFO - ℹ️ Ya registrado HOY: 2500T TR - DGH9 71 051
2026-06-02 03:23:19,838 - INFO - ℹ️ Ya registrado HOY: 2500T TR - DGH9 71 051
2026-06-02 03:23:22,870 - INFO - ℹ️ Ya registrado HOY: 2500T TR - DGH9 71 051
2026-06-02 03:23:24,891 - INFO - ℹ️ Ya registrado HOY: 2500T TR - DGH9 71 051
2026-06-02 03:23:27,948 - INFO - ℹ️ Ya registrado HOY: 2500T TR - DGH9 71 051
2026-06-02 03:23:29,970 - INFO - ℹ️ Ya registrado HOY: 2500T TR - DGH9 71 051
2026-06-02 03:23:32,997 - INFO - ℹ️ Ya registrado HOY: 2500T TR - DGH9 71 051
2026-06-02 03:23:35,043 - INFO - ℹ️ Ya registrado HOY: 2500T TR - DGH9 71 051
2026-06-02 03:23:38,060 - INFO - ℹ️ Ya registrado HOY: 2500T TR - DGH9 71 051
2026-06-02 03:23:41,071 - INFO - ℹ️ Ya registrado HOY: 2500T TR - DGH9 71 051
2026-06-02 03:23:43,110 - INFO - ℹ️ Ya registrado HOY: 2500T TR - DGH9 71 051
2026-06-02 03:23:46,113 - INFO - ℹ️ Ya registrado HOY: 2500T TR - DGH9 71 051
2026-06-02 03:23:48,150 - INFO - ℹ️ Ya registrado HOY: 2500T TR - DGH9 71 051
2026-06-02 03:23:51,197 - INFO - ℹ️ Ya registrado HOY: 2500T TR - DGH9 71 051
2026-06-02 03:23:53,224 - INFO - ℹ️ Ya registrado HOY: 2500T TR - DGH9 71 051
2026-06-02 03:23:56,217 - INFO - ℹ️ Ya registrado HOY: 2500T TR - DGH9 71 051
2026-06-02 03:23:58,274 - INFO - ℹ️ Ya registrado HOY: 2500T TR - DGH9 71 051
2026-06-02 03:24:01,285 - INFO - ℹ️ Ya registrado HOY: 2500T TR - DGH9 71 051
2026-06-02 03:24:04,312 - INFO - ℹ️ Ya registrado HOY: 2500T TR - DGH9 71 051
2026-06-02 03:24:06,345 - INFO - ℹ️ Ya registrado HOY: 2500T TR - DGH9 71 051
2026-06-02 03:24:09,389 - INFO - ℹ️ Ya registrado HOY: 2500T TR - DGH9 71 051
2026-06-02 03:24:11,394 - INFO - ℹ️ Ya registrado HOY: 2500T TR - DGH9 71 051
2026-06-02 03:24:14,422 - INFO - ℹ️ Ya registrado HOY: 2500T TR - DGH9 71 051
2026-06-02 03:24:16,468 - INFO - ℹ️ Ya registrado HOY: 2500T TR - DGH9 71 051
2026-06-02 03:24:19,493 - INFO - ℹ️ Ya registrado HOY: 2500T TR - DGH9 71 051
2026-06-02 03:24:22,537 - INFO - ℹ️ Ya registrado HOY: 2500T TR - DGH9 71 051
2026-06-02 03:24:24,559 - INFO - ℹ️ Ya registrado HOY: 2500T TR - DGH9 71 051
2026-06-02 03:24:27,569 - INFO - ℹ️ Ya registrado HOY: 2500T TR - DGH9 71 051
2026-06-02 03:24:29,621 - INFO - ℹ️ Ya registrado HOY: 2500T TR - DGH9 71 051
2026-06-02 03:24:32,643 - INFO - ℹ️ Ya registrado HOY: 2500T TR - DGH9 71 051
2026-06-02 03:24:34,672 - INFO - ℹ️ Ya registrado HOY: 2500T TR - DGH9 71 051
2026-06-02 03:24:37,676 - INFO - ℹ️ Ya registrado HOY: 2500T TR - DGH9 71 051
2026-06-02 03:24:40,743 - INFO - ℹ️ Ya registrado HOY: 2500T TR - DGH9 71 051
2026-06-02 03:24:42,730 - INFO - ℹ️ Ya registrado HOY: 2500T TR - DGH9 71 051
2026-06-02 03:24:45,797 - INFO - ℹ️ Ya registrado HOY: 2500T TR - DGH9 71 051
2026-06-02 03:24:47,790 - INFO - ℹ️ Ya registrado HOY: 2500T TR - DGH9 71 051
2026-06-02 03:24:50,838 - INFO - ℹ️ Ya registrado HOY: 2500T TR - DGH9 71 051
2026-06-02 03:24:52,843 - INFO - ℹ️ Ya registrado HOY: 2500T TR - DGH9 71 051
2026-06-02 03:24:55,888 - INFO - ℹ️ Ya registrado HOY: 2500T TR - DGH9 71 051
2026-06-02 03:24:57,906 - INFO - ℹ️ Ya registrado HOY: 2500T TR - DGH9 71 051
2026-06-02 03:25:00,923 - INFO - ℹ️ Ya registrado HOY: 2500T TR - DGH9 71 051
2026-06-02 03:25:03,961 - INFO - ℹ️ Ya registrado HOY: 2500T TR - DGH9 71 051
2026-06-02 03:25:05,973 - INFO - ℹ️ Ya registrado HOY: 2500T TR - DGH9 71 051
2026-06-02 03:25:09,007 - INFO - ℹ️ Ya registrado HOY: 2500T TR - DGH9 71 051
2026-06-02 03:25:11,018 - INFO - ℹ️ Ya registrado HOY: 2500T TR - DGH9 71 051
2026-06-02 03:25:14,098 - INFO - ℹ️ Ya registrado HOY: 2500T TR - DGH9 71 051
2026-06-02 03:25:16,091 - INFO - ℹ️ Ya registrado HOY: 2500T TR - DGH9 71 051
2026-06-02 03:25:19,159 - INFO - ℹ️ Ya registrado HOY: 2500T TR - DGH9 71 051
2026-06-02 03:25:22,194 - INFO - ℹ️ Ya registrado HOY: 2500T TR - DGH9 71 051
2026-06-02 03:25:24,221 - INFO - ℹ️ Ya registrado HOY: 2500T TR - DGH9 71 051
2026-06-02 03:25:27,247 - INFO - ℹ️ Ya registrado HOY: 2500T TR - DGH9 71 051
2026-06-02 03:25:29,255 - INFO - ℹ️ Ya registrado HOY: 2500T TR - DGH9 71 051
2026-06-02 03:25:32,270 - INFO - ℹ️ Ya registrado HOY: 2500T TR - DGH9 71 051
2026-06-02 03:25:34,319 - INFO - ℹ️ Ya registrado HOY: 2500T TR - DGH9 71 051
2026-06-02 03:25:37,375 - INFO - ℹ️ Ya registrado HOY: 2500T TR - DGH9 71 051
2026-06-02 03:25:39,388 - INFO - ℹ️ Ya registrado HOY: 2500T TR - DGH9 71 051
2026-06-02 03:25:42,396 - INFO - ℹ️ Ya registrado HOY: 2500T TR - DGH9 71 051
2026-06-02 03:25:45,464 - INFO - ℹ️ Ya registrado HOY: 2500T TR - DGH9 71 051
2026-06-02 03:25:47,522 - INFO - ℹ️ Ya registrado HOY: 2500T TR - DGH9 71 051
2026-06-02 03:25:50,515 - INFO - ℹ️ Ya registrado HOY: 2500T TR - DGH9 71 051
2026-06-02 03:25:52,526 - INFO - ℹ️ Ya registrado HOY: 2500T TR - DGH9 71 051
2026-06-02 03:25:55,564 - INFO - ℹ️ Ya registrado HOY: 2500T TR - DGH9 71 051
2026-06-02 03:25:57,580 - INFO - ℹ️ Ya registrado HOY: 2500T TR - DGH9 71 051
2026-06-02 03:26:00,682 - INFO - ℹ️ Ya registrado HOY: 2500T TR - DGH9 71 051
2026-06-02 03:26:03,669 - INFO - ℹ️ Ya registrado HOY: 2500T TR - DGH9 71 051
2026-06-02 03:26:05,684 - INFO - ℹ️ Ya registrado HOY: 2500T TR - DGH9 71 051
2026-06-02 03:26:08,722 - INFO - ℹ️ Ya registrado HOY: 2500T TR - DGH9 71 051
2026-06-02 03:26:10,734 - INFO - ℹ️ Ya registrado HOY: 2500T TR - DGH9 71 051
2026-06-02 03:26:13,751 - INFO - ℹ️ Ya registrado HOY: 2500T TR - DGH9 71 051
2026-06-02 03:26:15,793 - INFO - ℹ️ Ya registrado HOY: 2500T TR - DGH9 71 051
2026-06-02 03:26:18,824 - INFO - ℹ️ Ya registrado HOY: 2500T TR - DGH9 71 051
2026-06-02 03:26:20,850 - INFO - ℹ️ Ya registrado HOY: 2500T TR - DGH9 71 051
2026-06-02 03:26:23,879 - INFO - ℹ️ Ya registrado HOY: 2500T TR - DGH9 71 051
2026-06-02 03:26:26,936 - INFO - ℹ️ Ya registrado HOY: 2500T TR - DGH9 71 051
2026-06-02 03:26:28,953 - INFO - ℹ️ Ya registrado HOY: 2500T TR - DGH9 71 051
2026-06-02 03:26:31,973 - INFO - ℹ️ Ya registrado HOY: 2500T TR - DGH9 71 051
2026-06-02 03:26:34,021 - INFO - ℹ️ Ya registrado HOY: 2500T TR - DGH9 71 051
2026-06-02 03:26:37,045 - INFO - ℹ️ Ya registrado HOY: 2500T TR - DGH9 71 051
2026-06-02 03:26:39,065 - INFO - ℹ️ Ya registrado HOY: 2500T TR - DGH9 71 051
2026-06-02 03:26:42,102 - INFO - ℹ️ Ya registrado HOY: 2500T TR - DGH9 71 051
2026-06-02 03:26:45,114 - INFO - ℹ️ Ya registrado HOY: 2500T TR - DGH9 71 051
2026-06-02 03:26:47,128 - INFO - ℹ️ Ya registrado HOY: 2500T TR - DGH9 71 051
2026-06-02 03:26:50,178 - INFO - ℹ️ Ya registrado HOY: 2500T TR - DGH9 71 051
2026-06-02 03:26:52,204 - INFO - ℹ️ Ya registrado HOY: 2500T TR - DGH9 71 051
2026-06-02 03:26:55,241 - INFO - ℹ️ Ya registrado HOY: 2500T TR - DGH9 71 051
2026-06-02 03:26:57,237 - INFO - ℹ️ Ya registrado HOY: 2500T TR - DGH9 71 051
2026-06-02 03:27:00,298 - INFO - ℹ️ Ya registrado HOY: 2500T TR - DGH9 71 051
2026-06-02 03:27:02,335 - INFO - ℹ️ Ya registrado HOY: 2500T TR - DGH9 71 051
2026-06-02 03:27:05,356 - INFO - ℹ️ Ya registrado HOY: 2500T TR - DGH9 71 051
2026-06-02 03:27:08,369 - INFO - ℹ️ Ya registrado HOY: 2500T TR - DGH9 71 051
2026-06-02 03:27:19,304 - INFO - ℹ️ Ya registrado HOY: 2500T TR - DGH9 71 051
2026-06-02 03:27:21,338 - INFO - ℹ️ Ya registrado HOY: 2500T TR - DGH9 71 051
2026-06-02 03:27:23,363 - INFO - ℹ️ Ya registrado HOY: 2500T TR - DGH9 71 051
2026-06-02 03:27:26,400 - INFO - ℹ️ Ya registrado HOY: 2500T TR - DGH9 71 051
2026-06-02 03:27:28,420 - INFO - ℹ️ Ya registrado HOY: 2500T TR - DGH9 71 051
2026-06-02 03:27:31,458 - INFO - ℹ️ Ya registrado HOY: 2500T TR - DGH9 71 051
2026-06-02 03:27:33,465 - INFO - ℹ️ Ya registrado HOY: 2500T TR - DGH9 71 051
2026-06-02 03:27:36,512 - INFO - ℹ️ Ya registrado HOY: 2500T TR - DGH9 71 051
2026-06-02 03:27:39,565 - INFO - ℹ️ Ya registrado HOY: 2500T TR - DGH9 71 051
2026-06-02 03:27:41,579 - INFO - ℹ️ Ya registrado HOY: 2500T TR - DGH9 71 051
2026-06-02 03:27:44,606 - INFO - ℹ️ Ya registrado HOY: 2500T TR - DGH9 71 051
2026-06-02 03:27:46,624 - INFO - ℹ️ Ya registrado HOY: 2500T TR - DGH9 71 051
2026-06-02 03:27:49,649 - INFO - ℹ️ Ya registrado HOY: 2500T TR - DGH9 71 051
2026-06-02 03:27:51,673 - INFO - ℹ️ Ya registrado HOY: 2500T TR - DGH9 71 051
2026-06-02 03:27:54,682 - INFO - ℹ️ Ya registrado HOY: 2500T TR - DGH9 71 051
2026-06-02 03:27:56,746 - INFO - ℹ️ Ya registrado HOY: 2500T TR - DGH9 71 051
2026-06-02 03:27:59,764 - INFO - ℹ️ Ya registrado HOY: 2500T TR - DGH9 71 051
2026-06-02 03:28:02,810 - INFO - ℹ️ Ya registrado HOY: 2500T TR - DGH9 71 051
2026-06-02 03:28:04,811 - INFO - ℹ️ Ya registrado HOY: 2500T TR - DGH9 71 051
2026-06-02 03:28:07,844 - INFO - ℹ️ Ya registrado HOY: 2500T TR - DGH9 71 051
2026-06-02 03:28:09,873 - INFO - ℹ️ Ya registrado HOY: 2500T TR - DGH9 71 051
2026-06-02 03:28:12,931 - INFO - ℹ️ Ya registrado HOY: 2500T TR - DGH9 71 051
2026-06-02 03:28:14,941 - INFO - ℹ️ Ya registrado HOY: 2500T TR - DGH9 71 051
2026-06-02 03:28:17,942 - INFO - ℹ️ Ya registrado HOY: 2500T TR - DGH9 71 051
2026-06-02 03:28:20,958 - INFO - ℹ️ Ya registrado HOY: 2500T TR - DGH9 71 051
2026-06-02 03:28:23,018 - INFO - ℹ️ Ya registrado HOY: 2500T TR - DGH9 71 051
2026-06-02 03:28:26,023 - INFO - ℹ️ Ya registrado HOY: 2500T TR - DGH9 71 051
2026-06-02 03:28:28,068 - INFO - ℹ️ Ya registrado HOY: 2500T TR - DGH9 71 051
2026-06-02 03:28:31,049 - INFO - ℹ️ Ya registrado HOY: 2500T TR - DGH9 71 051
2026-06-02 03:28:33,078 - INFO - ℹ️ Ya registrado HOY: 2500T TR - DGH9 71 051
2026-06-02 03:28:36,100 - INFO - ℹ️ Ya registrado HOY: 2500T TR - DGH9 71 051
2026-06-02 03:28:39,138 - INFO - ℹ️ Ya registrado HOY: 2500T TR - DGH9 71 051
2026-06-02 03:28:41,198 - INFO - ℹ️ Ya registrado HOY: 2500T TR - DGH9 71 051
2026-06-02 03:28:44,223 - INFO - ℹ️ Ya registrado HOY: 2500T TR - DGH9 71 051
2026-06-02 03:28:46,265 - INFO - ℹ️ Ya registrado HOY: 2500T TR - DGH9 71 051
2026-06-02 03:28:49,301 - INFO - ℹ️ Ya registrado HOY: 2500T TR - DGH9 71 051
2026-06-02 03:28:51,303 - INFO - ℹ️ Ya registrado HOY: 2500T TR - DGH9 71 051
2026-06-02 03:28:54,317 - INFO - ℹ️ Ya registrado HOY: 2500T TR - DGH9 71 051
2026-06-02 03:28:56,370 - INFO - ℹ️ Ya registrado HOY: 2500T TR - DGH9 71 051
2026-06-02 03:28:59,420 - INFO - ℹ️ Ya registrado HOY: 2500T TR - DGH9 71 051
2026-06-02 03:29:02,445 - INFO - ℹ️ Ya registrado HOY: 2500T TR - DGH9 71 051
2026-06-02 03:29:04,453 - INFO - ℹ️ Ya registrado HOY: 2500T TR - DGH9 71 051
2026-06-02 03:29:07,474 - INFO - ℹ️ Ya registrado HOY: 2500T TR - DGH9 71 051
2026-06-02 03:29:09,532 - INFO - ℹ️ Ya registrado HOY: 2500T TR - DGH9 71 051
2026-06-02 03:29:12,568 - INFO - ℹ️ Ya registrado HOY: 2500T TR - DGH9 71 051
2026-06-02 03:29:14,564 - INFO - ℹ️ Ya registrado HOY: 2500T TR - DGH9 71 051
2026-06-02 03:29:17,618 - INFO - ℹ️ Ya registrado HOY: 2500T TR - DGH9 71 051
2026-06-02 03:29:20,625 - INFO - ℹ️ Ya registrado HOY: 2500T TR - DGH9 71 051
2026-06-02 03:29:22,646 - INFO - ℹ️ Ya registrado HOY: 2500T TR - DGH9 71 051
2026-06-02 03:29:25,682 - INFO - ℹ️ Ya registrado HOY: 2500T TR - DGH9 71 051
2026-06-02 03:29:27,694 - INFO - ℹ️ Ya registrado HOY: 2500T TR - DGH9 71 051
2026-06-02 03:29:30,726 - INFO - ℹ️ Ya registrado HOY: 2500T TR - DGH9 71 051
2026-06-02 03:29:32,753 - INFO - ℹ️ Ya registrado HOY: 2500T TR - DGH9 71 051
2026-06-02 03:29:35,768 - INFO - ℹ️ Ya registrado HOY: 2500T TR - DGH9 71 051
2026-06-02 03:29:37,827 - INFO - ℹ️ Ya registrado HOY: 2500T TR - DGH9 71 051
2026-06-02 03:29:40,835 - INFO - ℹ️ Ya registrado HOY: 2500T TR - DGH9 71 051
2026-06-02 03:29:43,833 - INFO - ℹ️ Ya registrado HOY: 2500T TR - DGH9 71 051
2026-06-02 03:29:45,903 - INFO - ℹ️ Ya registrado HOY: 2500T TR - DGH9 71 051
2026-06-02 03:29:48,934 - INFO - ℹ️ Ya registrado HOY: 2500T TR - DGH9 71 051
2026-06-02 03:29:50,960 - INFO - ℹ️ Ya registrado HOY: 2500T TR - DGH9 71 051
2026-06-02 03:29:53,975 - INFO - ℹ️ Ya registrado HOY: 2500T TR - DGH9 71 051
2026-06-02 03:29:55,994 - INFO - ℹ️ Ya registrado HOY: 2500T TR - DGH9 71 051
2026-06-02 03:29:59,029 - INFO - ℹ️ Ya registrado HOY: 2500T TR - DGH9 71 051
2026-06-02 03:30:02,060 - INFO - ℹ️ Ya registrado HOY: 2500T TR - DGH9 71 051
2026-06-02 03:30:04,097 - INFO - ℹ️ Ya registrado HOY: 2500T TR - DGH9 71 051
2026-06-02 03:30:07,155 - INFO - ℹ️ Ya registrado HOY: 2500T TR - DGH9 71 051
2026-06-02 03:30:09,174 - INFO - ℹ️ Ya registrado HOY: 2500T TR - DGH9 71 051
2026-06-02 03:30:12,195 - INFO - ℹ️ Ya registrado HOY: 2500T TR - DGH9 71 051
2026-06-02 03:30:14,244 - INFO - ℹ️ Ya registrado HOY: 2500T TR - DGH9 71 051
2026-06-02 03:30:17,277 - INFO - ℹ️ Ya registrado HOY: 2500T TR - DGH9 71 051
2026-06-02 03:30:19,286 - INFO - ℹ️ Ya registrado HOY: 2500T TR - DGH9 71 051
2026-06-02 03:30:22,323 - INFO - ℹ️ Ya registrado HOY: 2500T TR - DGH9 71 051
2026-06-02 03:30:25,344 - INFO - ℹ️ Ya registrado HOY: 2500T TR - DGH9 71 051
2026-06-02 03:30:27,357 - INFO - ℹ️ Ya registrado HOY: 2500T TR - DGH9 71 051
2026-06-02 03:30:30,387 - INFO - ℹ️ Ya registrado HOY: 2500T TR - DGH9 71 051
2026-06-02 03:30:32,415 - INFO - ℹ️ Ya registrado HOY: 2500T TR - DGH9 71 051
2026-06-02 03:30:35,426 - INFO - ℹ️ Ya registrado HOY: 2500T TR - DGH9 71 051
2026-06-02 03:30:37,478 - INFO - ℹ️ Ya registrado HOY: 2500T TR - DGH9 71 051
2026-06-02 03:30:40,498 - INFO - ℹ️ Ya registrado HOY: 2500T TR - DGH9 71 051
2026-06-02 03:30:43,536 - INFO - ℹ️ Ya registrado HOY: 2500T TR - DGH9 71 051
2026-06-02 03:30:45,567 - INFO - ℹ️ Ya registrado HOY: 2500T TR - DGH9 71 051
2026-06-02 03:30:48,587 - INFO - ℹ️ Ya registrado HOY: 2500T TR - DGH9 71 051
2026-06-02 03:30:50,595 - INFO - ℹ️ Ya registrado HOY: 2500T TR - DGH9 71 051
2026-06-02 03:30:53,643 - INFO - ℹ️ Ya registrado HOY: 2500T TR - DGH9 71 051
2026-06-02 03:30:55,675 - INFO - ℹ️ Ya registrado HOY: 2500T TR - DGH9 71 051
2026-06-02 03:30:58,704 - INFO - ℹ️ Ya registrado HOY: 2500T TR - DGH9 71 051
2026-06-02 03:31:00,735 - INFO - ℹ️ Ya registrado HOY: 2500T TR - DGH9 71 051
2026-06-02 03:31:03,755 - INFO - ℹ️ Ya registrado HOY: 2500T TR - DGH9 71 051
2026-06-02 03:31:06,785 - INFO - ℹ️ Ya registrado HOY: 2500T TR - DGH9 71 051
2026-06-02 03:31:08,798 - INFO - ℹ️ Ya registrado HOY: 2500T TR - DGH9 71 051
2026-06-02 03:31:11,840 - INFO - ℹ️ Ya registrado HOY: 2500T TR - DGH9 71 051
2026-06-02 03:31:13,860 - INFO - ℹ️ Ya registrado HOY: 2500T TR - DGH9 71 051
2026-06-02 03:31:16,949 - INFO - ℹ️ Ya registrado HOY: 2500T TR - DGH9 71 051
2026-06-02 03:31:18,931 - INFO - ℹ️ Ya registrado HOY: 2500T TR - DGH9 71 051
2026-06-02 03:31:21,976 - INFO - ℹ️ Ya registrado HOY: 2500T TR - DGH9 71 051
2026-06-02 03:31:25,016 - INFO - ℹ️ Ya registrado HOY: 2500T TR - DGH9 71 051
2026-06-02 03:31:27,030 - INFO - ℹ️ Ya registrado HOY: 2500T TR - DGH9 71 051
2026-06-02 03:31:30,113 - INFO - ℹ️ Ya registrado HOY: 2500T TR - DGH9 71 051
2026-06-02 03:31:32,097 - INFO - ℹ️ Ya registrado HOY: 2500T TR - DGH9 71 051
2026-06-02 03:31:35,101 - INFO - ℹ️ Ya registrado HOY: 2500T TR - DGH9 71 051
2026-06-02 03:31:37,136 - INFO - ℹ️ Ya registrado HOY: 2500T TR - DGH9 71 051
2026-06-02 03:31:40,163 - INFO - ℹ️ Ya registrado HOY: 2500T TR - DGH9 71 051
2026-06-02 03:31:43,226 - INFO - ℹ️ Ya registrado HOY: 2500T TR - DGH9 71 051
2026-06-02 03:31:45,210 - INFO - ℹ️ Ya registrado HOY: 2500T TR - DGH9 71 051
2026-06-02 03:31:48,242 - INFO - ℹ️ Ya registrado HOY: 2500T TR - DGH9 71 051
2026-06-02 03:31:50,259 - INFO - ℹ️ Ya registrado HOY: 2500T TR - DGH9 71 051
2026-06-02 03:31:53,307 - INFO - ℹ️ Ya registrado HOY: 2500T TR - DGH9 71 051
2026-06-02 03:31:55,313 - INFO - ℹ️ Ya registrado HOY: 2500T TR - DGH9 71 051
2026-06-02 03:31:58,343 - INFO - ℹ️ Ya registrado HOY: 2500T TR - DGH9 71 051
2026-06-02 03:32:00,365 - INFO - ℹ️ Ya registrado HOY: 2500T TR - DGH9 71 051
2026-06-02 03:32:03,427 - INFO - ℹ️ Ya registrado HOY: 2500T TR - DGH9 71 051
2026-06-02 03:32:06,438 - INFO - ℹ️ Ya registrado HOY: 2500T TR - DGH9 71 051
2026-06-02 03:32:08,466 - INFO - ℹ️ Ya registrado HOY: 2500T TR - DGH9 71 051
2026-06-02 03:32:11,507 - INFO - ℹ️ Ya registrado HOY: 2500T TR - DGH9 71 051
2026-06-02 03:32:13,554 - INFO - ℹ️ Ya registrado HOY: 2500T TR - DGH9 71 051
2026-06-02 03:32:16,581 - INFO - ℹ️ Ya registrado HOY: 2500T TR - DGH9 71 051
2026-06-02 03:32:18,576 - INFO - ℹ️ Ya registrado HOY: 2500T TR - DGH9 71 051
2026-06-02 03:32:21,616 - INFO - ℹ️ Ya registrado HOY: 2500T TR - DGH9 71 051
2026-06-02 03:32:24,663 - INFO - ℹ️ Ya registrado HOY: 2500T TR - DGH9 71 051
2026-06-02 03:32:26,685 - INFO - ℹ️ Ya registrado HOY: 2500T TR - DGH9 71 051
2026-06-02 03:32:29,713 - INFO - ℹ️ Ya registrado HOY: 2500T TR - DGH9 71 051
2026-06-02 03:32:31,741 - INFO - ℹ️ Ya registrado HOY: 2500T TR - DGH9 71 051
2026-06-02 03:32:34,809 - INFO - ℹ️ Ya registrado HOY: 2500T TR - DGH9 71 051
2026-06-02 03:32:36,827 - INFO - ℹ️ Ya registrado HOY: 2500T TR - DGH9 71 051
2026-06-02 03:32:39,843 - INFO - ℹ️ Ya registrado HOY: 2500T TR - DGH9 71 051
2026-06-02 03:32:41,838 - INFO - ℹ️ Ya registrado HOY: 2500T TR - DGH9 71 051
2026-06-02 03:32:44,918 - INFO - ℹ️ Ya registrado HOY: 2500T TR - DGH9 71 051
2026-06-02 03:32:47,878 - INFO - ℹ️ Ya registrado HOY: 2500T TR - DGH9 71 051
2026-06-02 03:32:49,933 - INFO - ℹ️ Ya registrado HOY: 2500T TR - DGH9 71 051
2026-06-02 03:32:52,943 - INFO - ℹ️ Ya registrado HOY: 2500T TR - DGH9 71 051
2026-06-02 03:32:54,971 - INFO - ℹ️ Ya registrado HOY: 2500T TR - DGH9 71 051
2026-06-02 03:32:58,037 - INFO - ℹ️ Ya registrado HOY: 2500T TR - DGH9 71 051
2026-06-02 03:33:00,021 - INFO - ℹ️ Ya registrado HOY: 2500T TR - DGH9 71 051
2026-06-02 03:33:03,058 - INFO - ℹ️ Ya registrado HOY: 2500T TR - DGH9 71 051
2026-06-02 03:33:06,091 - INFO - ℹ️ Ya registrado HOY: 2500T TR - DGH9 71 051
2026-06-02 03:33:08,131 - INFO - ℹ️ Ya registrado HOY: 2500T TR - DGH9 71 051
2026-06-02 03:33:11,160 - INFO - ℹ️ Ya registrado HOY: 2500T TR - DGH9 71 051
2026-06-02 03:33:13,176 - INFO - ℹ️ Ya registrado HOY: 2500T TR - DGH9 71 051
2026-06-02 03:33:16,221 - INFO - ℹ️ Ya registrado HOY: 2500T TR - DGH9 71 051
2026-06-02 03:33:18,227 - INFO - ℹ️ Ya registrado HOY: 2500T TR - DGH9 71 051
2026-06-02 03:33:21,266 - INFO - ℹ️ Ya registrado HOY: 2500T TR - DGH9 71 051
2026-06-02 03:33:23,301 - INFO - ℹ️ Ya registrado HOY: 2500T TR - DGH9 71 051
2026-06-02 03:33:26,335 - INFO - ℹ️ Ya registrado HOY: 2500T TR - DGH9 71 051
2026-06-02 03:33:29,368 - INFO - ℹ️ Ya registrado HOY: 2500T TR - DGH9 71 051
2026-06-02 03:33:31,401 - INFO - ℹ️ Ya registrado HOY: 2500T TR - DGH9 71 051
2026-06-02 03:33:34,436 - INFO - ℹ️ Ya registrado HOY: 2500T TR - DGH9 71 051
2026-06-02 03:33:36,454 - INFO - ℹ️ Ya registrado HOY: 2500T TR - DGH9 71 051
2026-06-02 03:33:39,523 - INFO - ℹ️ Ya registrado HOY: 2500T TR - DGH9 71 051
2026-06-02 03:33:41,529 - INFO - ℹ️ Ya registrado HOY: 2500T TR - DGH9 71 051
2026-06-02 03:33:44,556 - INFO - ℹ️ Ya registrado HOY: 2500T TR - DGH9 71 051
2026-06-02 03:33:47,593 - INFO - ℹ️ Ya registrado HOY: 2500T TR - DGH9 71 051
2026-06-02 03:33:49,638 - INFO - ℹ️ Ya registrado HOY: 2500T TR - DGH9 71 051
2026-06-02 03:33:52,620 - INFO - ℹ️ Ya registrado HOY: 2500T TR - DGH9 71 051
2026-06-02 03:33:54,659 - INFO - ℹ️ Ya registrado HOY: 2500T TR - DGH9 71 051
2026-06-02 03:33:57,702 - INFO - ℹ️ Ya registrado HOY: 2500T TR - DGH9 71 051
2026-06-02 03:33:59,713 - INFO - ℹ️ Ya registrado HOY: 2500T TR - DGH9 71 051
2026-06-02 03:34:02,748 - INFO - ℹ️ Ya registrado HOY: 2500T TR - DGH9 71 051
2026-06-02 03:34:13,772 - INFO - ℹ️ Ya registrado HOY: 2500T TR - DGH9 71 051
2026-06-02 03:34:15,818 - INFO - ℹ️ Ya registrado HOY: 2500T TR - DGH9 71 051
2026-06-02 03:34:17,842 - INFO - ℹ️ Ya registrado HOY: 2500T TR - DGH9 71 051
2026-06-02 03:34:20,849 - INFO - ℹ️ Ya registrado HOY: 2500T TR - DGH9 71 051
2026-06-02 03:34:22,876 - INFO - ℹ️ Ya registrado HOY: 2500T TR - DGH9 71 051
2026-06-02 03:34:25,950 - INFO - ℹ️ Ya registrado HOY: 2500T TR - DGH9 71 051
2026-06-02 03:34:28,979 - INFO - ℹ️ Ya registrado HOY: 2500T TR - DGH9 71 051
2026-06-02 03:34:30,989 - INFO - ℹ️ Ya registrado HOY: 2500T TR - DGH9 71 051
2026-06-02 03:34:34,050 - INFO - ℹ️ Ya registrado HOY: 2500T TR - DGH9 71 051
2026-06-02 03:34:36,072 - INFO - ℹ️ Ya registrado HOY: 2500T TR - DGH9 71 051
2026-06-02 03:34:39,106 - INFO - ℹ️ Ya registrado HOY: 2500T TR - DGH9 71 051
2026-06-02 03:34:41,123 - INFO - ℹ️ Ya registrado HOY: 2500T TR - DGH9 71 051
2026-06-02 03:34:44,134 - INFO - ℹ️ Ya registrado HOY: 2500T TR - DGH9 71 051
2026-06-02 03:34:47,202 - INFO - ℹ️ Ya registrado HOY: 2500T TR - DGH9 71 051
2026-06-02 03:34:49,230 - INFO - ℹ️ Ya registrado HOY: 2500T TR - DGH9 71 051
2026-06-02 03:34:52,274 - INFO - ℹ️ Ya registrado HOY: 2500T TR - DGH9 71 051
2026-06-02 03:34:54,246 - INFO - ℹ️ Ya registrado HOY: 2500T TR - DGH9 71 051
2026-06-02 03:34:57,304 - INFO - ℹ️ Ya registrado HOY: 2500T TR - DGH9 71 051
2026-06-02 03:34:59,325 - INFO - ℹ️ Ya registrado HOY: 2500T TR - DGH9 71 051
2026-06-02 03:35:02,349 - INFO - ℹ️ Ya registrado HOY: 2500T TR - DGH9 71 051
2026-06-02 03:35:04,371 - INFO - ℹ️ Ya registrado HOY: 2500T TR - DGH9 71 051
2026-06-02 03:35:07,394 - INFO - ℹ️ Ya registrado HOY: 2500T TR - DGH9 71 051
2026-06-02 03:35:10,434 - INFO - ℹ️ Ya registrado HOY: 2500T TR - DGH9 71 051
2026-06-02 03:35:12,451 - INFO - ℹ️ Ya registrado HOY: 2500T TR - DGH9 71 051
2026-06-02 03:35:15,506 - INFO - ℹ️ Ya registrado HOY: 2500T TR - DGH9 71 051
2026-06-02 03:35:17,530 - INFO - ℹ️ Ya registrado HOY: 2500T TR - DGH9 71 051
2026-06-02 03:35:20,552 - INFO - ℹ️ Ya registrado HOY: 2500T TR - DGH9 71 051
2026-06-02 03:35:22,600 - INFO - ℹ️ Ya registrado HOY: 2500T TR - DGH9 71 051
2026-06-02 03:35:25,608 - INFO - ℹ️ Ya registrado HOY: 2500T TR - DGH9 71 051
2026-06-02 03:35:28,666 - INFO - ℹ️ Ya registrado HOY: 2500T TR - DGH9 71 051
2026-06-02 03:35:30,687 - INFO - ℹ️ Ya registrado HOY: 2500T TR - DGH9 71 051
2026-06-02 03:35:33,738 - INFO - ℹ️ Ya registrado HOY: 2500T TR - DGH9 71 051
2026-06-02 03:35:35,738 - INFO - ℹ️ Ya registrado HOY: 2500T TR - DGH9 71 051
2026-06-02 03:36:38,452 - INFO - ℹ️ Ya registrado HOY: 2500T TR - DGH9 71 051
2026-06-02 03:36:40,489 - INFO - ℹ️ Ya registrado HOY: 2500T TR - DGH9 71 051
2026-06-02 03:36:43,544 - INFO - ℹ️ Ya registrado HOY: 2500T TR - DGH9 71 051
2026-06-02 03:36:46,539 - INFO - ℹ️ Ya registrado HOY: 2500T TR - DGH9 71 051
2026-06-02 03:36:48,544 - INFO - ℹ️ Ya registrado HOY: 2500T TR - DGH9 71 051
2026-06-02 03:36:51,594 - INFO - ℹ️ Ya registrado HOY: 2500T TR - DGH9 71 051
2026-06-02 03:36:53,650 - INFO - ℹ️ Ya registrado HOY: 2500T TR - DGH9 71 051
2026-06-02 03:36:56,653 - INFO - ℹ️ Ya registrado HOY: 2500T TR - DGH9 71 051
2026-06-02 03:36:58,687 - INFO - ℹ️ Ya registrado HOY: 2500T TR - DGH9 71 051
2026-06-02 03:37:11,587 - INFO - ℹ️ Ya registrado HOY: 2500T TR - DGH9 71 051
2026-06-02 03:37:11,591 - INFO - ℹ️ Ya registrado HOY: 2500T TR - DGH9 71 051
2026-06-02 03:37:14,580 - INFO - ℹ️ Ya registrado HOY: 2500T TR - DGH9 71 051
2026-06-02 03:37:17,636 - INFO - ℹ️ Ya registrado HOY: 2500T TR - DGH9 71 051
2026-06-02 03:37:19,670 - INFO - ℹ️ Ya registrado HOY: 2500T TR - DGH9 71 051
2026-06-02 03:37:22,683 - INFO - ℹ️ Ya registrado HOY: 2500T TR - DGH9 71 051
2026-06-02 03:37:24,725 - INFO - ℹ️ Ya registrado HOY: 2500T TR - DGH9 71 051
2026-06-02 03:37:27,799 - INFO - ℹ️ Ya registrado HOY: 2500T TR - DGH9 71 051
2026-06-02 03:37:29,817 - INFO - ℹ️ Ya registrado HOY: 2500T TR - DGH9 71 051
2026-06-02 03:37:32,832 - INFO - ℹ️ Ya registrado HOY: 2500T TR - DGH9 71 051
2026-06-02 03:37:34,843 - INFO - ℹ️ Ya registrado HOY: 2500T TR - DGH9 71 051
2026-06-02 03:37:37,933 - INFO - ℹ️ Ya registrado HOY: 2500T TR - DGH9 71 051
2026-06-02 03:37:40,953 - INFO - ℹ️ Ya registrado HOY: 2500T TR - DGH9 71 051
2026-06-02 03:37:42,965 - INFO - ℹ️ Ya registrado HOY: 2500T TR - DGH9 71 051
2026-06-02 03:37:45,999 - INFO - ℹ️ Ya registrado HOY: 2500T TR - DGH9 71 051
2026-06-02 03:37:48,014 - INFO - ℹ️ Ya registrado HOY: 2500T TR - DGH9 71 051
2026-06-02 03:37:51,071 - INFO - ℹ️ Ya registrado HOY: 2500T TR - DGH9 71 051
2026-06-02 03:37:53,077 - INFO - ℹ️ Ya registrado HOY: 2500T TR - DGH9 71 051
2026-06-02 03:37:56,121 - INFO - ℹ️ Ya registrado HOY: 2500T TR - DGH9 71 051
2026-06-02 03:37:58,149 - INFO - ℹ️ Ya registrado HOY: 2500T TR - DGH9 71 051
2026-06-02 03:38:01,141 - INFO - ℹ️ Ya registrado HOY: 2500T TR - DGH9 71 051
2026-06-02 03:38:04,198 - INFO - ℹ️ Ya registrado HOY: 2500T TR - DGH9 71 051
2026-06-02 03:38:06,220 - INFO - ℹ️ Ya registrado HOY: 2500T TR - DGH9 71 051
2026-06-02 03:38:09,276 - INFO - ℹ️ Ya registrado HOY: 2500T TR - DGH9 71 051
2026-06-02 03:38:11,299 - INFO - ℹ️ Ya registrado HOY: 2500T TR - DGH9 71 051
2026-06-02 03:38:14,290 - INFO - ℹ️ Ya registrado HOY: 2500T TR - DGH9 71 051
2026-06-02 03:38:16,324 - INFO - ℹ️ Ya registrado HOY: 2500T TR - DGH9 71 051
2026-06-02 03:38:19,348 - INFO - ℹ️ Ya registrado HOY: 2500T TR - DGH9 71 051
2026-06-02 03:38:22,366 - INFO - ℹ️ Ya registrado HOY: 2500T TR - DGH9 71 051
2026-06-02 03:38:24,398 - INFO - ℹ️ Ya registrado HOY: 2500T TR - DGH9 71 051
2026-06-02 03:38:27,405 - INFO - ℹ️ Ya registrado HOY: 2500T TR - DGH9 71 051
2026-06-02 03:38:29,435 - INFO - ℹ️ Ya registrado HOY: 2500T TR - DGH9 71 051
2026-06-02 03:38:32,455 - INFO - ℹ️ Ya registrado HOY: 2500T TR - DGH9 71 051
2026-06-02 03:38:34,500 - INFO - ℹ️ Ya registrado HOY: 2500T TR - DGH9 71 051
2026-06-02 03:38:37,516 - INFO - ℹ️ Ya registrado HOY: 2500T TR - DGH9 71 051
2026-06-02 03:38:40,556 - INFO - ℹ️ Ya registrado HOY: 2500T TR - DGH9 71 051
2026-06-02 03:38:42,595 - INFO - ℹ️ Ya registrado HOY: 2500T TR - DGH9 71 051
2026-06-02 03:38:45,644 - INFO - ℹ️ Ya registrado HOY: 2500T TR - DGH9 71 051
2026-06-02 03:38:47,645 - INFO - ℹ️ Ya registrado HOY: 2500T TR - DGH9 71 051
2026-06-02 03:38:50,666 - INFO - ℹ️ Ya registrado HOY: 2500T TR - DGH9 71 051
2026-06-02 03:38:52,691 - INFO - ℹ️ Ya registrado HOY: 2500T TR - DGH9 71 051
2026-06-02 03:38:55,747 - INFO - ℹ️ Ya registrado HOY: 2500T TR - DGH9 71 051
2026-06-02 03:38:57,782 - INFO - ℹ️ Ya registrado HOY: 2500T TR - DGH9 71 051
2026-06-02 03:39:00,816 - INFO - ℹ️ Ya registrado HOY: 2500T TR - DGH9 71 051
2026-06-02 03:39:03,857 - INFO - ℹ️ Ya registrado HOY: 2500T TR - DGH9 71 051
2026-06-02 03:39:05,838 - INFO - ℹ️ Ya registrado HOY: 2500T TR - DGH9 71 051
2026-06-02 03:39:08,907 - INFO - ℹ️ Ya registrado HOY: 2500T TR - DGH9 71 051
2026-06-02 03:39:10,941 - INFO - ℹ️ Ya registrado HOY: 2500T TR - DGH9 71 051
2026-06-02 03:39:13,974 - INFO - ℹ️ Ya registrado HOY: 2500T TR - DGH9 71 051
2026-06-02 03:39:15,990 - INFO - ℹ️ Ya registrado HOY: 2500T TR - DGH9 71 051
2026-06-02 03:39:18,990 - INFO - ℹ️ Ya registrado HOY: 2500T TR - DGH9 71 051
2026-06-02 03:39:22,028 - INFO - ℹ️ Ya registrado HOY: 2500T TR - DGH9 71 051
2026-06-02 03:39:24,063 - INFO - ℹ️ Ya registrado HOY: 2500T TR - DGH9 71 051
2026-06-02 03:39:27,069 - INFO - ℹ️ Ya registrado HOY: 2500T TR - DGH9 71 051
2026-06-02 03:39:29,126 - INFO - ℹ️ Ya registrado HOY: 2500T TR - DGH9 71 051
2026-06-02 03:39:32,115 - INFO - ℹ️ Ya registrado HOY: 2500T TR - DGH9 71 051
2026-06-02 03:39:34,116 - INFO - ℹ️ Ya registrado HOY: 2500T TR - DGH9 71 051
2026-06-02 03:39:37,154 - INFO - ℹ️ Ya registrado HOY: 2500T TR - DGH9 71 051
2026-06-02 03:39:40,194 - INFO - ℹ️ Ya registrado HOY: 2500T TR - DGH9 71 051
2026-06-02 03:39:42,207 - INFO - ℹ️ Ya registrado HOY: 2500T TR - DGH9 71 051
2026-06-02 03:39:45,296 - INFO - ℹ️ Ya registrado HOY: 2500T TR - DGH9 71 051
2026-06-02 03:39:47,270 - INFO - ℹ️ Ya registrado HOY: 2500T TR - DGH9 71 051
2026-06-02 03:39:50,309 - INFO - ℹ️ Ya registrado HOY: 2500T TR - DGH9 71 051
2026-06-02 03:39:52,344 - INFO - ℹ️ Ya registrado HOY: 2500T TR - DGH9 71 051
2026-06-02 03:39:55,370 - INFO - ℹ️ Ya registrado HOY: 2500T TR - DGH9 71 051
2026-06-02 03:39:57,381 - INFO - ℹ️ Ya registrado HOY: 2500T TR - DGH9 71 051
2026-06-02 03:40:00,419 - INFO - ℹ️ Ya registrado HOY: 2500T TR - DGH9 71 051
2026-06-02 03:40:03,453 - INFO - ℹ️ Ya registrado HOY: 2500T TR - DGH9 71 051
2026-06-02 03:40:05,515 - INFO - ℹ️ Ya registrado HOY: 2500T TR - DGH9 71 051
2026-06-02 03:40:08,559 - INFO - ℹ️ Ya registrado HOY: 2500T TR - DGH9 71 051
2026-06-02 03:40:10,553 - INFO - ℹ️ Ya registrado HOY: 2500T TR - DGH9 71 051
2026-06-02 03:40:13,591 - INFO - ℹ️ Ya registrado HOY: 2500T TR - DGH9 71 051
2026-06-02 03:40:15,620 - INFO - ℹ️ Ya registrado HOY: 2500T TR - DGH9 71 051
2026-06-02 03:40:18,669 - INFO - ℹ️ Ya registrado HOY: 2500T TR - DGH9 71 051
2026-06-02 03:40:20,686 - INFO - ℹ️ Ya registrado HOY: 2500T TR - DGH9 71 051
2026-06-02 03:40:23,719 - INFO - ℹ️ Ya registrado HOY: 2500T TR - DGH9 71 051
2026-06-02 03:40:26,741 - INFO - ℹ️ Ya registrado HOY: 2500T TR - DGH9 71 051
2026-06-02 03:40:28,736 - INFO - ℹ️ Ya registrado HOY: 2500T TR - DGH9 71 051
2026-06-02 03:40:31,826 - INFO - ℹ️ Ya registrado HOY: 2500T TR - DGH9 71 051
2026-06-02 03:40:33,807 - INFO - ℹ️ Ya registrado HOY: 2500T TR - DGH9 71 051
2026-06-02 03:40:36,819 - INFO - ℹ️ Ya registrado HOY: 2500T TR - DGH9 71 051
2026-06-02 03:40:38,839 - INFO - ℹ️ Ya registrado HOY: 2500T TR - DGH9 71 051
2026-06-02 03:40:41,889 - INFO - ℹ️ Ya registrado HOY: 2500T TR - DGH9 71 051
2026-06-02 03:40:44,927 - INFO - ℹ️ Ya registrado HOY: 2500T TR - DGH9 71 051
2026-06-02 03:40:46,950 - INFO - ℹ️ Ya registrado HOY: 2500T TR - DGH9 71 051
2026-06-02 03:40:49,973 - INFO - ℹ️ Ya registrado HOY: 2500T TR - DGH9 71 051
2026-06-02 03:40:52,004 - INFO - ℹ️ Ya registrado HOY: 2500T TR - DGH9 71 051
2026-06-02 03:40:55,058 - INFO - ℹ️ Ya registrado HOY: 2500T TR - DGH9 71 051
2026-06-02 03:40:57,081 - INFO - ℹ️ Ya registrado HOY: 2500T TR - DGH9 71 051
2026-06-02 03:41:00,096 - INFO - ℹ️ Ya registrado HOY: 2500T TR - DGH9 71 051
2026-06-02 03:41:03,106 - INFO - ℹ️ Ya registrado HOY: 2500T TR - DGH9 71 051
2026-06-02 03:41:05,124 - INFO - ℹ️ Ya registrado HOY: 2500T TR - DGH9 71 051
2026-06-02 03:41:08,219 - INFO - ℹ️ Ya registrado HOY: 2500T TR - DGH9 71 051
2026-06-02 03:41:10,187 - INFO - ℹ️ Ya registrado HOY: 2500T TR - DGH9 71 051
2026-06-02 03:41:13,223 - INFO - ℹ️ Ya registrado HOY: 2500T TR - DGH9 71 051
2026-06-02 03:41:15,254 - INFO - ℹ️ Ya registrado HOY: 2500T TR - DGH9 71 051
2026-06-02 03:41:18,304 - INFO - ℹ️ Ya registrado HOY: 2500T TR - DGH9 71 051
2026-06-02 03:41:20,340 - INFO - ℹ️ Ya registrado HOY: 2500T TR - DGH9 71 051
2026-06-02 03:41:23,399 - INFO - ℹ️ Ya registrado HOY: 2500T TR - DGH9 71 051
2026-06-02 03:41:26,408 - INFO - ℹ️ Ya registrado HOY: 2500T TR - DGH9 71 051
2026-06-02 03:41:28,441 - INFO - ℹ️ Ya registrado HOY: 2500T TR - DGH9 71 051
2026-06-02 03:41:31,462 - INFO - ℹ️ Ya registrado HOY: 2500T TR - DGH9 71 051
2026-06-02 03:41:33,505 - INFO - ℹ️ Ya registrado HOY: 2500T TR - DGH9 71 051
2026-06-02 03:41:36,547 - INFO - ℹ️ Ya registrado HOY: 2500T TR - DGH9 71 051
2026-06-02 03:41:38,532 - INFO - ℹ️ Ya registrado HOY: 2500T TR - DGH9 71 051
2026-06-02 03:41:41,579 - INFO - ℹ️ Ya registrado HOY: 2500T TR - DGH9 71 051
2026-06-02 03:41:44,582 - INFO - ℹ️ Ya registrado HOY: 2500T TR - DGH9 71 051
2026-06-02 03:41:46,619 - INFO - ℹ️ Ya registrado HOY: 2500T TR - DGH9 71 051
2026-06-02 03:41:49,645 - INFO - ℹ️ Ya registrado HOY: 2500T TR - DGH9 71 051
2026-06-02 03:41:51,652 - INFO - ℹ️ Ya registrado HOY: 2500T TR - DGH9 71 051
2026-06-02 03:41:54,688 - INFO - ℹ️ Ya registrado HOY: 2500T TR - DGH9 71 051
2026-06-02 03:41:56,707 - INFO - ℹ️ Ya registrado HOY: 2500T TR - DGH9 71 051
2026-06-02 03:41:59,783 - INFO - ℹ️ Ya registrado HOY: 2500T TR - DGH9 71 051
2026-06-02 03:42:01,747 - INFO - ℹ️ Ya registrado HOY: 2500T TR - DGH9 71 051
2026-06-02 03:42:04,773 - INFO - ℹ️ Ya registrado HOY: 2500T TR - DGH9 71 051
2026-06-02 03:42:07,784 - INFO - ℹ️ Ya registrado HOY: 2500T TR - DGH9 71 051
2026-06-02 03:42:09,830 - INFO - ℹ️ Ya registrado HOY: 2500T TR - DGH9 71 051
2026-06-02 03:42:12,862 - INFO - ℹ️ Ya registrado HOY: 2500T TR - DGH9 71 051
2026-06-02 03:42:14,890 - INFO - ℹ️ Ya registrado HOY: 2500T TR - DGH9 71 051
2026-06-02 03:42:17,919 - INFO - ℹ️ Ya registrado HOY: 2500T TR - DGH9 71 051
2026-06-02 03:42:19,938 - INFO - ℹ️ Ya registrado HOY: 2500T TR - DGH9 71 051
2026-06-02 03:42:22,961 - INFO - ℹ️ Ya registrado HOY: 2500T TR - DGH9 71 051
2026-06-02 03:42:26,025 - INFO - ℹ️ Ya registrado HOY: 2500T TR - DGH9 71 051
2026-06-02 03:42:28,063 - INFO - ℹ️ Ya registrado HOY: 2500T TR - DGH9 71 051
2026-06-02 03:42:31,116 - INFO - ℹ️ Ya registrado HOY: 2500T TR - DGH9 71 051
2026-06-02 03:42:33,141 - INFO - ℹ️ Ya registrado HOY: 2500T TR - DGH9 71 051
2026-06-02 03:42:36,134 - INFO - ℹ️ Ya registrado HOY: 2500T TR - DGH9 71 051
2026-06-02 03:42:38,181 - INFO - ℹ️ Ya registrado HOY: 2500T TR - DGH9 71 051
2026-06-02 03:42:41,186 - INFO - ℹ️ Ya registrado HOY: 2500T TR - DGH9 71 051
2026-06-02 03:42:44,171 - INFO - ℹ️ Ya registrado HOY: 2500T TR - DGH9 71 051
2026-06-02 03:42:46,191 - INFO - ℹ️ Ya registrado HOY: 2500T TR - DGH9 71 051
2026-06-02 03:42:49,211 - INFO - ℹ️ Ya registrado HOY: 2500T TR - DGH9 71 051
2026-06-02 03:42:51,214 - INFO - ℹ️ Ya registrado HOY: 2500T TR - DGH9 71 051
2026-06-02 03:42:54,274 - INFO - ℹ️ Ya registrado HOY: 2500T TR - DGH9 71 051
2026-06-02 03:42:56,287 - INFO - ℹ️ Ya registrado HOY: 2500T TR - DGH9 71 051
2026-06-02 03:42:59,336 - INFO - ℹ️ Ya registrado HOY: 2500T TR - DGH9 71 051
2026-06-02 03:43:01,371 - INFO - ℹ️ Ya registrado HOY: 2500T TR - DGH9 71 051
2026-06-02 03:43:04,375 - INFO - ℹ️ Ya registrado HOY: 2500T TR - DGH9 71 051
2026-06-02 03:43:07,405 - INFO - ℹ️ Ya registrado HOY: 2500T TR - DGH9 71 051
2026-06-02 03:43:09,432 - INFO - ℹ️ Ya registrado HOY: 2500T TR - DGH9 71 051
2026-06-02 03:43:12,439 - INFO - ℹ️ Ya registrado HOY: 2500T TR - DGH9 71 051
2026-06-02 03:43:14,481 - INFO - ℹ️ Ya registrado HOY: 2500T TR - DGH9 71 051
2026-06-02 03:43:17,536 - INFO - ℹ️ Ya registrado HOY: 2500T TR - DGH9 71 051
2026-06-02 03:43:19,560 - INFO - ℹ️ Ya registrado HOY: 2500T TR - DGH9 71 051
2026-06-02 03:43:22,581 - INFO - ℹ️ Ya registrado HOY: 2500T TR - DGH9 71 051
2026-06-02 03:43:25,613 - INFO - ℹ️ Ya registrado HOY: 2500T TR - DGH9 71 051
2026-06-02 03:43:27,642 - INFO - ℹ️ Ya registrado HOY: 2500T TR - DGH9 71 051
2026-06-02 03:43:30,679 - INFO - ℹ️ Ya registrado HOY: 2500T TR - DGH9 71 051
2026-06-02 03:43:32,716 - INFO - ℹ️ Ya registrado HOY: 2500T TR - DGH9 71 051
2026-06-02 03:43:35,740 - INFO - ℹ️ Ya registrado HOY: 2500T TR - DGH9 71 051
2026-06-02 03:43:37,804 - INFO - ℹ️ Ya registrado HOY: 2500T TR - DGH9 71 051
2026-06-02 03:43:40,785 - INFO - ℹ️ Ya registrado HOY: 2500T TR - DGH9 71 051
2026-06-02 03:43:42,825 - INFO - ℹ️ Ya registrado HOY: 2500T TR - DGH9 71 051
2026-06-02 03:43:45,855 - INFO - ℹ️ Ya registrado HOY: 2500T TR - DGH9 71 051
2026-06-02 03:43:48,871 - INFO - ℹ️ Ya registrado HOY: 2500T TR - DGH9 71 051
2026-06-02 03:43:50,913 - INFO - ℹ️ Ya registrado HOY: 2500T TR - DGH9 71 051
2026-06-02 03:43:53,927 - INFO - ℹ️ Ya registrado HOY: 2500T TR - DGH9 71 051
2026-06-02 03:43:55,940 - INFO - ℹ️ Ya registrado HOY: 2500T TR - DGH9 71 051
2026-06-02 03:43:58,959 - INFO - ℹ️ Ya registrado HOY: 2500T TR - DGH9 71 051
2026-06-02 03:44:01,006 - INFO - ℹ️ Ya registrado HOY: 2500T TR - DGH9 71 051
2026-06-02 03:44:04,017 - INFO - ℹ️ Ya registrado HOY: 2500T TR - DGH9 71 051
2026-06-02 03:44:07,066 - INFO - ℹ️ Ya registrado HOY: 2500T TR - DGH9 71 051
2026-06-02 03:44:09,102 - INFO - ℹ️ Ya registrado HOY: 2500T TR - DGH9 71 051
2026-06-02 03:44:12,132 - INFO - ℹ️ Ya registrado HOY: 2500T TR - DGH9 71 051
2026-06-02 03:44:14,162 - INFO - ℹ️ Ya registrado HOY: 2500T TR - DGH9 71 051
2026-06-02 03:44:17,175 - INFO - ℹ️ Ya registrado HOY: 2500T TR - DGH9 71 051
2026-06-02 03:44:19,195 - INFO - ℹ️ Ya registrado HOY: 2500T TR - DGH9 71 051
2026-06-02 03:44:22,238 - INFO - ℹ️ Ya registrado HOY: 2500T TR - DGH9 71 051
2026-06-02 03:44:25,269 - INFO - ℹ️ Ya registrado HOY: 2500T TR - DGH9 71 051
2026-06-02 03:44:27,304 - INFO - ℹ️ Ya registrado HOY: 2500T TR - DGH9 71 051
2026-06-02 03:44:30,348 - INFO - ℹ️ Ya registrado HOY: 2500T TR - DGH9 71 051
2026-06-02 03:44:32,350 - INFO - ℹ️ Ya registrado HOY: 2500T TR - DGH9 71 051
2026-06-02 03:44:35,398 - INFO - ℹ️ Ya registrado HOY: 2500T TR - DGH9 71 051
2026-06-02 03:44:37,429 - INFO - ℹ️ Ya registrado HOY: 2500T TR - DGH9 71 051
2026-06-02 03:44:40,454 - INFO - ℹ️ Ya registrado HOY: 2500T TR - DGH9 71 051
2026-06-02 03:44:42,494 - INFO - ℹ️ Ya registrado HOY: 2500T TR - DGH9 71 051
2026-06-02 03:44:45,514 - INFO - ℹ️ Ya registrado HOY: 2500T TR - DGH9 71 051
2026-06-02 03:44:48,551 - INFO - ℹ️ Ya registrado HOY: 2500T TR - DGH9 71 051
2026-06-02 03:44:50,570 - INFO - ℹ️ Ya registrado HOY: 2500T TR - DGH9 71 051
2026-06-02 03:44:53,592 - INFO - ℹ️ Ya registrado HOY: 2500T TR - DGH9 71 051
2026-06-02 03:44:55,617 - INFO - ℹ️ Ya registrado HOY: 2500T TR - DGH9 71 051
2026-06-02 03:44:58,625 - INFO - ℹ️ Ya registrado HOY: 2500T TR - DGH9 71 051
2026-06-02 03:45:00,650 - INFO - ℹ️ Ya registrado HOY: 2500T TR - DGH9 71 051
2026-06-02 03:45:03,688 - INFO - ℹ️ Ya registrado HOY: 2500T TR - DGH9 71 051
2026-06-02 03:45:06,709 - INFO - ℹ️ Ya registrado HOY: 2500T TR - DGH9 71 051
2026-06-02 03:45:08,773 - INFO - ℹ️ Ya registrado HOY: 2500T TR - DGH9 71 051
2026-06-02 03:45:11,749 - INFO - ℹ️ Ya registrado HOY: 2500T TR - DGH9 71 051
2026-06-02 03:45:13,803 - INFO - ℹ️ Ya registrado HOY: 2500T TR - DGH9 71 051
2026-06-02 03:45:16,822 - INFO - ℹ️ Ya registrado HOY: 2500T TR - DGH9 71 051
2026-06-02 03:45:18,920 - INFO - ℹ️ Ya registrado HOY: 2500T TR - DGH9 71 051
2026-06-02 03:45:21,906 - INFO - ℹ️ Ya registrado HOY: 2500T TR - DGH9 71 051
2026-06-02 03:45:23,932 - INFO - ℹ️ Ya registrado HOY: 2500T TR - DGH9 71 051
2026-06-02 03:45:26,987 - INFO - ℹ️ Ya registrado HOY: 2500T TR - DGH9 71 051
2026-06-02 03:45:30,012 - INFO - ℹ️ Ya registrado HOY: 2500T TR - DGH9 71 051
2026-06-02 03:45:32,059 - INFO - ℹ️ Ya registrado HOY: 2500T TR - DGH9 71 051
2026-06-02 03:45:35,040 - INFO - ℹ️ Ya registrado HOY: 2500T TR - DGH9 71 051
2026-06-02 03:45:37,110 - INFO - ℹ️ Ya registrado HOY: 2500T TR - DGH9 71 051
2026-06-02 03:45:40,118 - INFO - ℹ️ Ya registrado HOY: 2500T TR - DGH9 71 051
2026-06-02 03:45:42,131 - INFO - ℹ️ Ya registrado HOY: 2500T TR - DGH9 71 051
2026-06-02 03:45:45,179 - INFO - ℹ️ Ya registrado HOY: 2500T TR - DGH9 71 051
2026-06-02 03:45:47,205 - INFO - ℹ️ Ya registrado HOY: 2500T TR - DGH9 71 051
2026-06-02 03:45:50,276 - INFO - ℹ️ Ya registrado HOY: 2500T TR - DGH9 71 051
2026-06-02 03:45:53,300 - INFO - ℹ️ Ya registrado HOY: 2500T TR - DGH9 71 051
2026-06-02 03:45:55,321 - INFO - ℹ️ Ya registrado HOY: 2500T TR - DGH9 71 051
2026-06-02 03:45:58,323 - INFO - ℹ️ Ya registrado HOY: 2500T TR - DGH9 71 051
2026-06-02 03:46:00,331 - INFO - ℹ️ Ya registrado HOY: 2500T TR - DGH9 71 051
2026-06-02 03:46:03,384 - INFO - ℹ️ Ya registrado HOY: 2500T TR - DGH9 71 051
2026-06-02 03:46:05,380 - INFO - ℹ️ Ya registrado HOY: 2500T TR - DGH9 71 051
2026-06-02 03:46:08,446 - INFO - ℹ️ Ya registrado HOY: 2500T TR - DGH9 71 051
2026-06-02 03:46:11,448 - INFO - ℹ️ Ya registrado HOY: 2500T TR - DGH9 71 051
2026-06-02 03:46:13,489 - INFO - ℹ️ Ya registrado HOY: 2500T TR - DGH9 71 051
2026-06-02 03:46:16,526 - INFO - ℹ️ Ya registrado HOY: 2500T TR - DGH9 71 051
2026-06-02 03:46:18,584 - INFO - ℹ️ Ya registrado HOY: 2500T TR - DGH9 71 051
2026-06-02 03:46:21,617 - INFO - ℹ️ Ya registrado HOY: 2500T TR - DGH9 71 051
2026-06-02 03:46:23,624 - INFO - ℹ️ Ya registrado HOY: 2500T TR - DGH9 71 051
2026-06-02 03:46:26,639 - INFO - ℹ️ Ya registrado HOY: 2500T TR - DGH9 71 051
2026-06-02 03:46:28,670 - INFO - ℹ️ Ya registrado HOY: 2500T TR - DGH9 71 051
2026-06-02 03:46:31,685 - INFO - ℹ️ Ya registrado HOY: 2500T TR - DGH9 71 051
2026-06-02 03:46:34,718 - INFO - ℹ️ Ya registrado HOY: 2500T TR - DGH9 71 051
2026-06-02 03:46:36,750 - INFO - ℹ️ Ya registrado HOY: 2500T TR - DGH9 71 051
2026-06-02 03:46:39,782 - INFO - ℹ️ Ya registrado HOY: 2500T TR - DGH9 71 051
2026-06-02 03:46:41,790 - INFO - ℹ️ Ya registrado HOY: 2500T TR - DGH9 71 051
2026-06-02 03:46:44,855 - INFO - ℹ️ Ya registrado HOY: 2500T TR - DGH9 71 051
2026-06-02 03:46:46,846 - INFO - ℹ️ Ya registrado HOY: 2500T TR - DGH9 71 051
2026-06-02 03:46:49,933 - INFO - ℹ️ Ya registrado HOY: 2500T TR - DGH9 71 051
2026-06-02 03:46:52,937 - INFO - ℹ️ Ya registrado HOY: 2500T TR - DGH9 71 051
2026-06-02 03:46:54,954 - INFO - ℹ️ Ya registrado HOY: 2500T TR - DGH9 71 051
2026-06-02 03:46:58,031 - INFO - ℹ️ Ya registrado HOY: 2500T TR - DGH9 71 051
2026-06-02 03:47:00,044 - INFO - ℹ️ Ya registrado HOY: 2500T TR - DGH9 71 051
2026-06-02 03:47:03,037 - INFO - ℹ️ Ya registrado HOY: 2500T TR - DGH9 71 051
2026-06-02 03:47:05,079 - INFO - ℹ️ Ya registrado HOY: 2500T TR - DGH9 71 051
2026-06-02 03:47:08,075 - INFO - ℹ️ Ya registrado HOY: 2500T TR - DGH9 71 051
2026-06-02 03:47:11,101 - INFO - ℹ️ Ya registrado HOY: 2500T TR - DGH9 71 051
2026-06-02 03:47:13,127 - INFO - ℹ️ Ya registrado HOY: 2500T TR - DGH9 71 051
2026-06-02 03:47:16,186 - INFO - ℹ️ Ya registrado HOY: 2500T TR - DGH9 71 051
2026-06-02 03:47:18,200 - INFO - ℹ️ Ya registrado HOY: 2500T TR - DGH9 71 051
2026-06-02 03:47:21,235 - INFO - ℹ️ Ya registrado HOY: 2500T TR - DGH9 71 051
2026-06-02 03:47:23,254 - INFO - ℹ️ Ya registrado HOY: 2500T TR - DGH9 71 051
2026-06-02 03:47:26,286 - INFO - ℹ️ Ya registrado HOY: 2500T TR - DGH9 71 051
2026-06-02 03:47:28,283 - INFO - ℹ️ Ya registrado HOY: 2500T TR - DGH9 71 051
2026-06-02 03:47:31,322 - INFO - ℹ️ Ya registrado HOY: 2500T TR - DGH9 71 051
2026-06-02 03:47:34,363 - INFO - ℹ️ Ya registrado HOY: 2500T TR - DGH9 71 051
2026-06-02 03:47:36,405 - INFO - ℹ️ Ya registrado HOY: 2500T TR - DGH9 71 051
2026-06-02 03:47:39,426 - INFO - ℹ️ Ya registrado HOY: 2500T TR - DGH9 71 051
2026-06-02 03:47:41,451 - INFO - ℹ️ Ya registrado HOY: 2500T TR - DGH9 71 051
2026-06-02 03:47:44,488 - INFO - ℹ️ Ya registrado HOY: 2500T TR - DGH9 71 051
2026-06-02 03:47:46,503 - INFO - ℹ️ Ya registrado HOY: 2500T TR - DGH9 71 051
2026-06-02 03:47:49,518 - INFO - ℹ️ Ya registrado HOY: 2500T TR - DGH9 71 051
2026-06-02 03:47:52,559 - INFO - ℹ️ Ya registrado HOY: 2500T TR - DGH9 71 051
2026-06-02 03:47:54,573 - INFO - ℹ️ Ya registrado HOY: 2500T TR - DGH9 71 051
2026-06-02 03:47:57,627 - INFO - ℹ️ Ya registrado HOY: 2500T TR - DGH9 71 051
2026-06-02 03:47:59,640 - INFO - ℹ️ Ya registrado HOY: 2500T TR - DGH9 71 051
2026-06-02 03:48:02,694 - INFO - ℹ️ Ya registrado HOY: 2500T TR - DGH9 71 051
2026-06-02 03:48:04,695 - INFO - ℹ️ Ya registrado HOY: 2500T TR - DGH9 71 051
2026-06-02 03:48:07,716 - INFO - ℹ️ Ya registrado HOY: 2500T TR - DGH9 71 051
2026-06-02 03:48:10,731 - INFO - ℹ️ Ya registrado HOY: 2500T TR - DGH9 71 051
2026-06-02 03:48:12,730 - INFO - ℹ️ Ya registrado HOY: 2500T TR - DGH9 71 051
2026-06-02 03:48:15,793 - INFO - ℹ️ Ya registrado HOY: 2500T TR - DGH9 71 051
2026-06-02 03:48:17,843 - INFO - ℹ️ Ya registrado HOY: 2500T TR - DGH9 71 051
2026-06-02 03:48:20,839 - INFO - ℹ️ Ya registrado HOY: 2500T TR - DGH9 71 051
2026-06-02 03:48:22,846 - INFO - ℹ️ Ya registrado HOY: 2500T TR - DGH9 71 051
2026-06-02 03:48:25,890 - INFO - ℹ️ Ya registrado HOY: 2500T TR - DGH9 71 051
2026-06-02 03:48:27,931 - INFO - ℹ️ Ya registrado HOY: 2500T TR - DGH9 71 051
2026-06-02 03:48:30,944 - INFO - ℹ️ Ya registrado HOY: 2500T TR - DGH9 71 051
2026-06-02 03:48:33,995 - INFO - ℹ️ Ya registrado HOY: 2500T TR - DGH9 71 051
2026-06-02 03:48:36,002 - INFO - ℹ️ Ya registrado HOY: 2500T TR - DGH9 71 051
2026-06-02 03:48:39,027 - INFO - ℹ️ Ya registrado HOY: 2500T TR - DGH9 71 051
2026-06-02 03:48:41,070 - INFO - ℹ️ Ya registrado HOY: 2500T TR - DGH9 71 051
2026-06-02 03:48:44,096 - INFO - ℹ️ Ya registrado HOY: 2500T TR - DGH9 71 051
2026-06-02 03:48:46,109 - INFO - ℹ️ Ya registrado HOY: 2500T TR - DGH9 71 051
2026-06-02 03:48:49,147 - INFO - ℹ️ Ya registrado HOY: 2500T TR - DGH9 71 051
2026-06-02 03:48:52,184 - INFO - ℹ️ Ya registrado HOY: 2500T TR - DGH9 71 051
2026-06-02 03:48:54,214 - INFO - ℹ️ Ya registrado HOY: 2500T TR - DGH9 71 051
2026-06-02 03:48:57,280 - INFO - ℹ️ Ya registrado HOY: 2500T TR - DGH9 71 051
2026-06-02 03:48:59,253 - INFO - ℹ️ Ya registrado HOY: 2500T TR - DGH9 71 051
2026-06-02 03:49:02,291 - INFO - ℹ️ Ya registrado HOY: 2500T TR - DGH9 71 051
2026-06-02 03:49:04,349 - INFO - ℹ️ Ya registrado HOY: 2500T TR - DGH9 71 051
2026-06-02 03:49:07,376 - INFO - ℹ️ Ya registrado HOY: 2500T TR - DGH9 71 051
2026-06-02 03:49:09,372 - INFO - ℹ️ Ya registrado HOY: 2500T TR - DGH9 71 051
2026-06-02 03:49:12,403 - INFO - ℹ️ Ya registrado HOY: 2500T TR - DGH9 71 051
2026-06-02 03:49:15,415 - INFO - ℹ️ Ya registrado HOY: 2500T TR - DGH9 71 051
2026-06-02 03:49:17,456 - INFO - ℹ️ Ya registrado HOY: 2500T TR - DGH9 71 051
2026-06-02 03:49:20,505 - INFO - ℹ️ Ya registrado HOY: 2500T TR - DGH9 71 051
2026-06-02 03:49:22,506 - INFO - ℹ️ Ya registrado HOY: 2500T TR - DGH9 71 051
2026-06-02 03:49:25,561 - INFO - ℹ️ Ya registrado HOY: 2500T TR - DGH9 71 051
2026-06-02 03:49:27,579 - INFO - ℹ️ Ya registrado HOY: 2500T TR - DGH9 71 051
2026-06-02 03:49:30,626 - INFO - ℹ️ Ya registrado HOY: 2500T TR - DGH9 71 051
2026-06-02 03:49:33,609 - INFO - ℹ️ Ya registrado HOY: 2500T TR - DGH9 71 051
2026-06-02 03:51:51,920 - INFO - ℹ️ Ya registrado HOY: 2500T TR - DGH9 71 051
2026-06-02 03:51:54,933 - INFO - ℹ️ Ya registrado HOY: 2500T TR - DGH9 71 051
2026-06-02 03:51:56,965 - INFO - ℹ️ Ya registrado HOY: 2500T TR - DGH9 71 051
2026-06-02 03:51:59,953 - INFO - ℹ️ Ya registrado HOY: 2500T TR - DGH9 71 051
2026-06-02 03:52:01,973 - INFO - ℹ️ Ya registrado HOY: 2500T TR - DGH9 71 051
2026-06-02 03:52:05,023 - INFO - ℹ️ Ya registrado HOY: 2500T TR - DGH9 71 051
2026-06-02 03:52:08,033 - INFO - ℹ️ Ya registrado HOY: 2500T TR - DGH9 71 051
2026-06-02 03:52:10,030 - INFO - ℹ️ Ya registrado HOY: 2500T TR - DGH9 71 051
2026-06-02 03:52:13,073 - INFO - ℹ️ Ya registrado HOY: 2500T TR - DGH9 71 051
2026-06-02 03:52:15,091 - INFO - ℹ️ Ya registrado HOY: 2500T TR - DGH9 71 051
2026-06-02 03:52:18,133 - INFO - ℹ️ Ya registrado HOY: 2500T TR - DGH9 71 051
2026-06-02 03:52:20,131 - INFO - ℹ️ Ya registrado HOY: 2500T TR - DGH9 71 051
2026-06-02 03:52:23,166 - INFO - ℹ️ Ya registrado HOY: 2500T TR - DGH9 71 051
2026-06-02 03:52:26,203 - INFO - ℹ️ Ya registrado HOY: 2500T TR - DGH9 71 051
2026-06-02 03:52:28,222 - INFO - ℹ️ Ya registrado HOY: 2500T TR - DGH9 71 051
2026-06-02 03:52:31,225 - INFO - ℹ️ Ya registrado HOY: 2500T TR - DGH9 71 051
2026-06-02 03:52:33,272 - INFO - ℹ️ Ya registrado HOY: 2500T TR - DGH9 71 051
2026-06-02 03:52:36,298 - INFO - ℹ️ Ya registrado HOY: 2500T TR - DGH9 71 051
2026-06-02 03:52:38,313 - INFO - ℹ️ Ya registrado HOY: 2500T TR - DGH9 71 051
2026-06-02 03:52:41,351 - INFO - ℹ️ Ya registrado HOY: 2500T TR - DGH9 71 051
2026-06-02 03:52:44,404 - INFO - ℹ️ Ya registrado HOY: 2500T TR - DGH9 71 051
2026-06-02 03:52:46,399 - INFO - ℹ️ Ya registrado HOY: 2500T TR - DGH9 71 051
2026-06-02 03:52:49,383 - INFO - ℹ️ Ya registrado HOY: 2500T TR - DGH9 71 051
2026-06-02 03:52:51,402 - INFO - ℹ️ Ya registrado HOY: 2500T TR - DGH9 71 051
2026-06-02 03:52:54,445 - INFO - ℹ️ Ya registrado HOY: 2500T TR - DGH9 71 051
2026-06-02 03:52:56,448 - INFO - ℹ️ Ya registrado HOY: 2500T TR - DGH9 71 051
2026-06-02 03:52:59,470 - INFO - ℹ️ Ya registrado HOY: 2500T TR - DGH9 71 051
2026-06-02 03:53:02,521 - INFO - ℹ️ Ya registrado HOY: 2500T TR - DGH9 71 051
2026-06-02 03:53:04,520 - INFO - ℹ️ Ya registrado HOY: 2500T TR - DGH9 71 051
2026-06-02 03:53:07,553 - INFO - ℹ️ Ya registrado HOY: 2500T TR - DGH9 71 051
2026-06-02 03:53:09,574 - INFO - ℹ️ Ya registrado HOY: 2500T TR - DGH9 71 051
2026-06-02 03:53:12,597 - INFO - ℹ️ Ya registrado HOY: 2500T TR - DGH9 71 051
2026-06-02 03:53:14,636 - INFO - ℹ️ Ya registrado HOY: 2500T TR - DGH9 71 051
2026-06-02 03:53:17,631 - INFO - ℹ️ Ya registrado HOY: 2500T TR - DGH9 71 051
2026-06-02 03:53:20,682 - INFO - ℹ️ Ya registrado HOY: 2500T TR - DGH9 71 051
2026-06-02 03:53:22,732 - INFO - ℹ️ Ya registrado HOY: 2500T TR - DGH9 71 051
2026-06-02 03:53:25,733 - INFO - ℹ️ Ya registrado HOY: 2500T TR - DGH9 71 051
2026-06-02 03:53:27,773 - INFO - ℹ️ Ya registrado HOY: 2500T TR - DGH9 71 051
2026-06-02 03:53:30,796 - INFO - ℹ️ Ya registrado HOY: 2500T TR - DGH9 71 051
2026-06-02 03:53:32,812 - INFO - ℹ️ Ya registrado HOY: 2500T TR - DGH9 71 051
2026-06-02 03:53:35,840 - INFO - ℹ️ Ya registrado HOY: 2500T TR - DGH9 71 051
2026-06-02 03:53:37,892 - INFO - ℹ️ Ya registrado HOY: 2500T TR - DGH9 71 051
2026-06-02 03:53:40,903 - INFO - ℹ️ Ya registrado HOY: 2500T TR - DGH9 71 051
2026-06-02 03:53:43,886 - INFO - ℹ️ Ya registrado HOY: 2500T TR - DGH9 71 051
2026-06-02 03:53:45,949 - INFO - ℹ️ Ya registrado HOY: 2500T TR - DGH9 71 051
2026-06-02 03:53:48,973 - INFO - ℹ️ Ya registrado HOY: 2500T TR - DGH9 71 051
2026-06-02 03:53:50,956 - INFO - ℹ️ Ya registrado HOY: 2500T TR - DGH9 71 051
2026-06-02 03:53:53,983 - INFO - ℹ️ Ya registrado HOY: 2500T TR - DGH9 71 051
2026-06-02 03:53:57,007 - INFO - ℹ️ Ya registrado HOY: 2500T TR - DGH9 71 051
2026-06-02 03:53:59,022 - INFO - ℹ️ Ya registrado HOY: 2500T TR - DGH9 71 051
2026-06-02 03:54:02,028 - INFO - ℹ️ Ya registrado HOY: 2500T TR - DGH9 71 051
2026-06-02 03:54:04,057 - INFO - ℹ️ Ya registrado HOY: 2500T TR - DGH9 71 051
2026-06-02 03:54:07,056 - INFO - ℹ️ Ya registrado HOY: 2500T TR - DGH9 71 051
2026-06-02 03:54:09,113 - INFO - ℹ️ Ya registrado HOY: 2500T TR - DGH9 71 051
2026-06-02 03:54:12,115 - INFO - ℹ️ Ya registrado HOY: 2500T TR - DGH9 71 051
2026-06-02 03:54:15,166 - INFO - ℹ️ Ya registrado HOY: 2500T TR - DGH9 71 051
2026-06-02 03:54:17,160 - INFO - ℹ️ Ya registrado HOY: 2500T TR - DGH9 71 051
2026-06-02 03:54:20,194 - INFO - ℹ️ Ya registrado HOY: 2500T TR - DGH9 71 051
2026-06-02 03:54:22,200 - INFO - ℹ️ Ya registrado HOY: 2500T TR - DGH9 71 051
2026-06-02 03:54:25,289 - INFO - ℹ️ Ya registrado HOY: 2500T TR - DGH9 71 051
2026-06-02 03:54:27,295 - INFO - ℹ️ Ya registrado HOY: 2500T TR - DGH9 71 051
2026-06-02 03:54:30,302 - INFO - ℹ️ Ya registrado HOY: 2500T TR - DGH9 71 051
2026-06-02 03:54:32,364 - INFO - ℹ️ Ya registrado HOY: 2500T TR - DGH9 71 051
2026-06-02 03:54:35,358 - INFO - ℹ️ Ya registrado HOY: 2500T TR - DGH9 71 051
2026-06-02 03:54:38,405 - INFO - ℹ️ Ya registrado HOY: 2500T TR - DGH9 71 051
2026-06-02 03:54:40,399 - INFO - ℹ️ Ya registrado HOY: 2500T TR - DGH9 71 051
2026-06-02 03:54:43,426 - INFO - ℹ️ Ya registrado HOY: 2500T TR - DGH9 71 051
2026-06-02 03:54:45,463 - INFO - ℹ️ Ya registrado HOY: 2500T TR - DGH9 71 051
2026-06-02 03:54:48,474 - INFO - ℹ️ Ya registrado HOY: 2500T TR - DGH9 71 051
2026-06-02 03:54:50,485 - INFO - ℹ️ Ya registrado HOY: 2500T TR - DGH9 71 051
2026-06-02 03:54:53,537 - INFO - ℹ️ Ya registrado HOY: 2500T TR - DGH9 71 051
2026-06-02 03:54:56,558 - INFO - ℹ️ Ya registrado HOY: 2500T TR - DGH9 71 051
2026-06-02 03:54:58,581 - INFO - ℹ️ Ya registrado HOY: 2500T TR - DGH9 71 051
2026-06-02 03:55:01,581 - INFO - ℹ️ Ya registrado HOY: 2500T TR - DGH9 71 051
2026-06-02 03:55:03,597 - INFO - ℹ️ Ya registrado HOY: 2500T TR - DGH9 71 051
2026-06-02 03:55:06,608 - INFO - ℹ️ Ya registrado HOY: 2500T TR - DGH9 71 051
2026-06-02 03:55:08,625 - INFO - ℹ️ Ya registrado HOY: 2500T TR - DGH9 71 051
2026-06-02 03:55:11,640 - INFO - ℹ️ Ya registrado HOY: 2500T TR - DGH9 71 051
2026-06-02 03:55:14,675 - INFO - ℹ️ Ya registrado HOY: 2500T TR - DGH9 71 051
2026-06-02 03:55:16,727 - INFO - ℹ️ Ya registrado HOY: 2500T TR - DGH9 71 051
2026-06-02 03:55:19,760 - INFO - ℹ️ Ya registrado HOY: 2500T TR - DGH9 71 051
2026-06-02 03:55:21,754 - INFO - ℹ️ Ya registrado HOY: 2500T TR - DGH9 71 051
2026-06-02 03:55:24,792 - INFO - ℹ️ Ya registrado HOY: 2500T TR - DGH9 71 051
2026-06-02 03:55:26,815 - INFO - ℹ️ Ya registrado HOY: 2500T TR - DGH9 71 051
2026-06-02 03:55:29,838 - INFO - ℹ️ Ya registrado HOY: 2500T TR - DGH9 71 051
2026-06-02 03:55:32,934 - INFO - ℹ️ Ya registrado HOY: 2500T TR - DGH9 71 051
2026-06-02 03:55:34,921 - INFO - ℹ️ Ya registrado HOY: 2500T TR - DGH9 71 051
2026-06-02 03:55:37,916 - INFO - ℹ️ Ya registrado HOY: 2500T TR - DGH9 71 051
2026-06-02 03:55:39,923 - INFO - ℹ️ Ya registrado HOY: 2500T TR - DGH9 71 051
2026-06-02 03:55:42,975 - INFO - ℹ️ Ya registrado HOY: 2500T TR - DGH9 71 051
2026-06-02 03:55:45,032 - INFO - ℹ️ Ya registrado HOY: 2500T TR - DGH9 71 051
2026-06-02 03:55:48,023 - INFO - ℹ️ Ya registrado HOY: 2500T TR - DGH9 71 051
2026-06-02 03:55:51,028 - INFO - ℹ️ Ya registrado HOY: 2500T TR - DGH9 71 051
2026-06-02 03:55:53,084 - INFO - ℹ️ Ya registrado HOY: 2500T TR - DGH9 71 051
2026-06-02 03:55:56,156 - INFO - ℹ️ Ya registrado HOY: 2500T TR - DGH9 71 051
2026-06-02 03:55:58,134 - INFO - ℹ️ Ya registrado HOY: 2500T TR - DGH9 71 051
2026-06-02 03:56:01,138 - INFO - ℹ️ Ya registrado HOY: 2500T TR - DGH9 71 051
2026-06-02 03:56:03,157 - INFO - ℹ️ Ya registrado HOY: 2500T TR - DGH9 71 051
2026-06-02 03:56:06,185 - INFO - ℹ️ Ya registrado HOY: 2500T TR - DGH9 71 051
2026-06-02 03:56:08,201 - INFO - ℹ️ Ya registrado HOY: 2500T TR - DGH9 71 051
2026-06-02 03:56:11,228 - INFO - ℹ️ Ya registrado HOY: 2500T TR - DGH9 71 051
2026-06-02 03:56:14,255 - INFO - ℹ️ Ya registrado HOY: 2500T TR - DGH9 71 051
2026-06-02 03:56:16,288 - INFO - ℹ️ Ya registrado HOY: 2500T TR - DGH9 71 051
2026-06-02 03:56:19,322 - INFO - ℹ️ Ya registrado HOY: 2500T TR - DGH9 71 051
2026-06-02 03:56:21,322 - INFO - ℹ️ Ya registrado HOY: 2500T TR - DGH9 71 051
2026-06-02 03:56:24,394 - INFO - ℹ️ Ya registrado HOY: 2500T TR - DGH9 71 051
2026-06-02 03:56:26,422 - INFO - ℹ️ Ya registrado HOY: 2500T TR - DGH9 71 051
2026-06-02 03:56:29,426 - INFO - ℹ️ Ya registrado HOY: 2500T TR - DGH9 71 051
2026-06-02 03:56:32,472 - INFO - ℹ️ Ya registrado HOY: 2500T TR - DGH9 71 051
2026-06-02 03:56:34,503 - INFO - ℹ️ Ya registrado HOY: 2500T TR - DGH9 71 051
2026-06-02 03:56:37,518 - INFO - ℹ️ Ya registrado HOY: 2500T TR - DGH9 71 051
2026-06-02 03:56:39,557 - INFO - ℹ️ Ya registrado HOY: 2500T TR - DGH9 71 051
2026-06-02 03:56:42,596 - INFO - ℹ️ Ya registrado HOY: 2500T TR - DGH9 71 051
2026-06-02 03:56:44,640 - INFO - ℹ️ Ya registrado HOY: 2500T TR - DGH9 71 051
2026-06-02 03:56:47,661 - INFO - ℹ️ Ya registrado HOY: 2500T TR - DGH9 71 051
2026-06-02 03:56:50,694 - INFO - ℹ️ Ya registrado HOY: 2500T TR - DGH9 71 051
2026-06-02 03:56:52,697 - INFO - ℹ️ Ya registrado HOY: 2500T TR - DGH9 71 051
2026-06-02 03:56:55,714 - INFO - ℹ️ Ya registrado HOY: 2500T TR - DGH9 71 051
2026-06-02 03:56:57,771 - INFO - ℹ️ Ya registrado HOY: 2500T TR - DGH9 71 051
2026-06-02 03:57:00,759 - INFO - ℹ️ Ya registrado HOY: 2500T TR - DGH9 71 051
2026-06-02 03:57:02,776 - INFO - ℹ️ Ya registrado HOY: 2500T TR - DGH9 71 051
2026-06-02 03:57:05,786 - INFO - ℹ️ Ya registrado HOY: 2500T TR - DGH9 71 051
2026-06-02 03:57:07,856 - INFO - ℹ️ Ya registrado HOY: 2500T TR - DGH9 71 051
2026-06-02 03:57:10,810 - INFO - ℹ️ Ya registrado HOY: 2500T TR - DGH9 71 051
2026-06-02 03:57:13,826 - INFO - ℹ️ Ya registrado HOY: 2500T TR - DGH9 71 051
2026-06-02 03:57:15,849 - INFO - ℹ️ Ya registrado HOY: 2500T TR - DGH9 71 051
2026-06-02 03:57:18,899 - INFO - ℹ️ Ya registrado HOY: 2500T TR - DGH9 71 051
2026-06-02 03:57:20,904 - INFO - ℹ️ Ya registrado HOY: 2500T TR - DGH9 71 051
2026-06-02 03:57:23,909 - INFO - ℹ️ Ya registrado HOY: 2500T TR - DGH9 71 051
2026-06-02 03:57:26,942 - INFO - ℹ️ Ya registrado HOY: 2500T TR - DGH9 71 051
2026-06-02 03:57:28,970 - INFO - ℹ️ Ya registrado HOY: 2500T TR - DGH9 71 051
2026-06-02 03:57:32,008 - INFO - ℹ️ Ya registrado HOY: 2500T TR - DGH9 71 051
2026-06-02 03:57:34,036 - INFO - ℹ️ Ya registrado HOY: 2500T TR - DGH9 71 051
2026-06-02 03:57:37,024 - INFO - ℹ️ Ya registrado HOY: 2500T TR - DGH9 71 051
2026-06-02 03:57:39,052 - INFO - ℹ️ Ya registrado HOY: 2500T TR - DGH9 71 051
2026-06-02 03:57:42,106 - INFO - ℹ️ Ya registrado HOY: 2500T TR - DGH9 71 051
2026-06-02 03:57:44,123 - INFO - ℹ️ Ya registrado HOY: 2500T TR - DGH9 71 051
2026-06-02 03:57:47,162 - INFO - ℹ️ Ya registrado HOY: 2500T TR - DGH9 71 051
2026-06-02 03:57:50,180 - INFO - ℹ️ Ya registrado HOY: 2500T TR - DGH9 71 051
2026-06-02 03:57:52,178 - INFO - ℹ️ Ya registrado HOY: 2500T TR - DGH9 71 051
2026-06-02 03:57:55,202 - INFO - ℹ️ Ya registrado HOY: 2500T TR - DGH9 71 051
2026-06-02 03:57:57,241 - INFO - ℹ️ Ya registrado HOY: 2500T TR - DGH9 71 051
2026-06-02 03:58:00,266 - INFO - ℹ️ Ya registrado HOY: 2500T TR - DGH9 71 051
2026-06-02 03:58:02,283 - INFO - ℹ️ Ya registrado HOY: 2500T TR - DGH9 71 051
2026-06-02 03:58:05,287 - INFO - ℹ️ Ya registrado HOY: 2500T TR - DGH9 71 051
2026-06-02 03:58:08,309 - INFO - ℹ️ Ya registrado HOY: 2500T TR - DGH9 71 051
2026-06-02 03:58:10,325 - INFO - ℹ️ Ya registrado HOY: 2500T TR - DGH9 71 051
2026-06-02 03:58:13,367 - INFO - ℹ️ Ya registrado HOY: 2500T TR - DGH9 71 051
2026-06-02 03:58:15,353 - INFO - ℹ️ Ya registrado HOY: 2500T TR - DGH9 71 051
2026-06-02 03:58:18,400 - INFO - ℹ️ Ya registrado HOY: 2500T TR - DGH9 71 051
2026-06-02 03:58:20,417 - INFO - ℹ️ Ya registrado HOY: 2500T TR - DGH9 71 051
2026-06-02 03:58:23,468 - INFO - ℹ️ Ya registrado HOY: 2500T TR - DGH9 71 051
2026-06-02 03:58:26,471 - INFO - ℹ️ Ya registrado HOY: 2500T TR - DGH9 71 051
2026-06-02 03:58:28,491 - INFO - ℹ️ Ya registrado HOY: 2500T TR - DGH9 71 051
2026-06-02 03:58:31,502 - INFO - ℹ️ Ya registrado HOY: 2500T TR - DGH9 71 051
2026-06-02 03:58:33,542 - INFO - ℹ️ Ya registrado HOY: 2500T TR - DGH9 71 051
2026-06-02 03:58:36,588 - INFO - ℹ️ Ya registrado HOY: 2500T TR - DGH9 71 051
2026-06-02 03:58:38,615 - INFO - ℹ️ Ya registrado HOY: 2500T TR - DGH9 71 051
2026-06-02 03:58:41,634 - INFO - ℹ️ Ya registrado HOY: 2500T TR - DGH9 71 051
2026-06-02 03:58:44,651 - INFO - ℹ️ Ya registrado HOY: 2500T TR - DGH9 71 051
2026-06-02 03:58:46,679 - INFO - ℹ️ Ya registrado HOY: 2500T TR - DGH9 71 051
2026-06-02 03:58:49,753 - INFO - ℹ️ Ya registrado HOY: 2500T TR - DGH9 71 051
2026-06-02 03:58:51,763 - INFO - ℹ️ Ya registrado HOY: 2500T TR - DGH9 71 051
2026-06-02 03:58:54,797 - INFO - ℹ️ Ya registrado HOY: 2500T TR - DGH9 71 051
2026-06-02 03:58:56,781 - INFO - ℹ️ Ya registrado HOY: 2500T TR - DGH9 71 051
2026-06-02 03:58:59,866 - INFO - ℹ️ Ya registrado HOY: 2500T TR - DGH9 71 051
2026-06-02 03:59:02,883 - INFO - ℹ️ Ya registrado HOY: 2500T TR - DGH9 71 051
2026-06-02 03:59:04,917 - INFO - ℹ️ Ya registrado HOY: 2500T TR - DGH9 71 051
2026-06-02 03:59:07,922 - INFO - ℹ️ Ya registrado HOY: 2500T TR - DGH9 71 051
2026-06-02 03:59:09,990 - INFO - ℹ️ Ya registrado HOY: 2500T TR - DGH9 71 051
2026-06-02 03:59:12,989 - INFO - ℹ️ Ya registrado HOY: 2500T TR - DGH9 71 051
2026-06-02 03:59:15,024 - INFO - ℹ️ Ya registrado HOY: 2500T TR - DGH9 71 051
2026-06-02 03:59:18,030 - INFO - ℹ️ Ya registrado HOY: 2500T TR - DGH9 71 051
2026-06-02 03:59:20,057 - INFO - ℹ️ Ya registrado HOY: 2500T TR - DGH9 71 051
2026-06-02 03:59:23,085 - INFO - ℹ️ Ya registrado HOY: 2500T TR - DGH9 71 051
2026-06-02 03:59:26,095 - INFO - ℹ️ Ya registrado HOY: 2500T TR - DGH9 71 051
2026-06-02 03:59:28,101 - INFO - ℹ️ Ya registrado HOY: 2500T TR - DGH9 71 051
2026-06-02 03:59:31,128 - INFO - ℹ️ Ya registrado HOY: 2500T TR - DGH9 71 051
2026-06-02 03:59:33,183 - INFO - ℹ️ Ya registrado HOY: 2500T TR - DGH9 71 051
2026-06-02 03:59:36,201 - INFO - ℹ️ Ya registrado HOY: 2500T TR - DGH9 71 051
2026-06-02 03:59:38,240 - INFO - ℹ️ Ya registrado HOY: 2500T TR - DGH9 71 051
2026-06-02 03:59:41,275 - INFO - ℹ️ Ya registrado HOY: 2500T TR - DGH9 71 051
2026-06-02 03:59:44,290 - INFO - ℹ️ Ya registrado HOY: 2500T TR - DGH9 71 051
2026-06-02 03:59:46,296 - INFO - ℹ️ Ya registrado HOY: 2500T TR - DGH9 71 051
2026-06-02 03:59:49,360 - INFO - ℹ️ Ya registrado HOY: 2500T TR - DGH9 71 051
2026-06-02 03:59:51,354 - INFO - ℹ️ Ya registrado HOY: 2500T TR - DGH9 71 051
2026-06-02 03:59:54,399 - INFO - ℹ️ Ya registrado HOY: 2500T TR - DGH9 71 051
2026-06-02 03:59:56,433 - INFO - ℹ️ Ya registrado HOY: 2500T TR - DGH9 71 051
2026-06-02 03:59:59,471 - INFO - ℹ️ Ya registrado HOY: 2500T TR - DGH9 71 051
2026-06-02 04:00:01,512 - INFO - ℹ️ Ya registrado HOY: 2500T TR - DGH9 71 051
2026-06-02 04:00:04,540 - INFO - ℹ️ Ya registrado HOY: 2500T TR - DGH9 71 051
2026-06-02 04:00:07,561 - INFO - ℹ️ Ya registrado HOY: 2500T TR - DGH9 71 051
2026-06-02 04:00:09,560 - INFO - ℹ️ Ya registrado HOY: 2500T TR - DGH9 71 051
2026-06-02 04:00:12,592 - INFO - ℹ️ Ya registrado HOY: 2500T TR - DGH9 71 051
2026-06-02 04:00:14,642 - INFO - ℹ️ Ya registrado HOY: 2500T TR - DGH9 71 051
2026-06-02 04:00:17,657 - INFO - ℹ️ Ya registrado HOY: 2500T TR - DGH9 71 051
2026-06-02 04:00:19,680 - INFO - ℹ️ Ya registrado HOY: 2500T TR - DGH9 71 051
2026-06-02 04:00:22,713 - INFO - ℹ️ Ya registrado HOY: 2500T TR - DGH9 71 051
2026-06-02 04:00:25,724 - INFO - ℹ️ Ya registrado HOY: 2500T TR - DGH9 71 051
2026-06-02 04:00:27,735 - INFO - ℹ️ Ya registrado HOY: 2500T TR - DGH9 71 051
2026-06-02 04:00:30,758 - INFO - ℹ️ Ya registrado HOY: 2500T TR - DGH9 71 051
2026-06-02 04:00:32,812 - INFO - ℹ️ Ya registrado HOY: 2500T TR - DGH9 71 051
2026-06-02 04:00:35,817 - INFO - ℹ️ Ya registrado HOY: 2500T TR - DGH9 71 051
2026-06-02 04:00:37,845 - INFO - ℹ️ Ya registrado HOY: 2500T TR - DGH9 71 051
2026-06-02 04:00:40,856 - INFO - ℹ️ Ya registrado HOY: 2500T TR - DGH9 71 051
2026-06-02 04:00:43,913 - INFO - ℹ️ Ya registrado HOY: 2500T TR - DGH9 71 051
2026-06-02 04:00:45,935 - INFO - ℹ️ Ya registrado HOY: 2500T TR - DGH9 71 051
2026-06-02 04:00:48,964 - INFO - ℹ️ Ya registrado HOY: 2500T TR - DGH9 71 051
2026-06-02 04:00:51,009 - INFO - ℹ️ Ya registrado HOY: 2500T TR - DGH9 71 051
2026-06-02 04:00:54,031 - INFO - ℹ️ Ya registrado HOY: 2500T TR - DGH9 71 051
2026-06-02 04:00:56,063 - INFO - ℹ️ Ya registrado HOY: 2500T TR - DGH9 71 051
2026-06-02 04:00:59,079 - INFO - ℹ️ Ya registrado HOY: 2500T TR - DGH9 71 051
2026-06-02 04:01:02,077 - INFO - ℹ️ Ya registrado HOY: 2500T TR - DGH9 71 051
2026-06-02 04:01:04,071 - INFO - ℹ️ Ya registrado HOY: 2500T TR - DGH9 71 051
2026-06-02 04:01:07,133 - INFO - ℹ️ Ya registrado HOY: 2500T TR - DGH9 71 051
2026-06-02 04:01:09,167 - INFO - ℹ️ Ya registrado HOY: 2500T TR - DGH9 71 051
2026-06-02 04:01:12,176 - INFO - ℹ️ Ya registrado HOY: 2500T TR - DGH9 71 051
2026-06-02 04:01:14,166 - INFO - ℹ️ Ya registrado HOY: 2500T TR - DGH9 71 051
2026-06-02 04:01:17,222 - INFO - ℹ️ Ya registrado HOY: 2500T TR - DGH9 71 051
2026-06-02 04:01:19,233 - INFO - ℹ️ Ya registrado HOY: 2500T TR - DGH9 71 051
2026-06-02 04:01:22,294 - INFO - ℹ️ Ya registrado HOY: 2500T TR - DGH9 71 051
2026-06-02 04:01:25,332 - INFO - ℹ️ Ya registrado HOY: 2500T TR - DGH9 71 051
2026-06-02 04:01:27,350 - INFO - ℹ️ Ya registrado HOY: 2500T TR - DGH9 71 051
2026-06-02 04:01:30,360 - INFO - ℹ️ Ya registrado HOY: 2500T TR - DGH9 71 051
2026-06-02 04:01:32,398 - INFO - ℹ️ Ya registrado HOY: 2500T TR - DGH9 71 051
2026-06-02 04:01:35,420 - INFO - ℹ️ Ya registrado HOY: 2500T TR - DGH9 71 051
2026-06-02 04:01:37,443 - INFO - ℹ️ Ya registrado HOY: 2500T TR - DGH9 71 051
2026-06-02 04:01:40,479 - INFO - ℹ️ Ya registrado HOY: 2500T TR - DGH9 71 051
2026-06-02 04:01:43,503 - INFO - ℹ️ Ya registrado HOY: 2500T TR - DGH9 71 051
2026-06-02 04:01:45,524 - INFO - ℹ️ Ya registrado HOY: 2500T TR - DGH9 71 051
2026-06-02 04:01:48,569 - INFO - ℹ️ Ya registrado HOY: 2500T TR - DGH9 71 051
2026-06-02 04:01:50,575 - INFO - ℹ️ Ya registrado HOY: 2500T TR - DGH9 71 051
2026-06-02 04:01:53,597 - INFO - ℹ️ Ya registrado HOY: 2500T TR - DGH9 71 051
2026-06-02 04:01:55,618 - INFO - ℹ️ Ya registrado HOY: 2500T TR - DGH9 71 051
2026-06-02 04:01:58,648 - INFO - ℹ️ Ya registrado HOY: 2500T TR - DGH9 71 051
2026-06-02 04:02:01,699 - INFO - ℹ️ Ya registrado HOY: 2500T TR - DGH9 71 051
2026-06-02 04:02:03,727 - INFO - ℹ️ Ya registrado HOY: 2500T TR - DGH9 71 051
2026-06-02 04:02:06,738 - INFO - ℹ️ Ya registrado HOY: 2500T TR - DGH9 71 051
2026-06-02 04:02:08,783 - INFO - ℹ️ Ya registrado HOY: 2500T TR - DGH9 71 051
2026-06-02 04:02:11,809 - INFO - ℹ️ Ya registrado HOY: 2500T TR - DGH9 71 051
2026-06-02 04:02:13,833 - INFO - ℹ️ Ya registrado HOY: 2500T TR - DGH9 71 051
2026-06-02 04:02:16,878 - INFO - ℹ️ Ya registrado HOY: 2500T TR - DGH9 71 051
2026-06-02 04:02:18,896 - INFO - ℹ️ Ya registrado HOY: 2500T TR - DGH9 71 051
2026-06-02 04:02:21,936 - INFO - ℹ️ Ya registrado HOY: 2500T TR - DGH9 71 051
2026-06-02 04:02:24,995 - INFO - ℹ️ Ya registrado HOY: 2500T TR - DGH9 71 051
2026-06-02 04:02:27,023 - INFO - ℹ️ Ya registrado HOY: 2500T TR - DGH9 71 051
2026-06-02 04:02:30,038 - INFO - ℹ️ Ya registrado HOY: 2500T TR - DGH9 71 051
2026-06-02 04:02:32,100 - INFO - ℹ️ Ya registrado HOY: 2500T TR - DGH9 71 051
2026-06-02 04:02:35,117 - INFO - ℹ️ Ya registrado HOY: 2500T TR - DGH9 71 051
2026-06-02 04:02:37,128 - INFO - ℹ️ Ya registrado HOY: 2500T TR - DGH9 71 051
2026-06-02 04:02:40,138 - INFO - ℹ️ Ya registrado HOY: 2500T TR - DGH9 71 051
2026-06-02 04:02:43,222 - INFO - ℹ️ Ya registrado HOY: 2500T TR - DGH9 71 051
2026-06-02 04:02:45,204 - INFO - ℹ️ Ya registrado HOY: 2500T TR - DGH9 71 051
2026-06-02 04:02:48,249 - INFO - ℹ️ Ya registrado HOY: 2500T TR - DGH9 71 051
2026-06-02 04:02:50,236 - INFO - ℹ️ Ya registrado HOY: 2500T TR - DGH9 71 051
2026-06-02 04:02:53,270 - INFO - ℹ️ Ya registrado HOY: 2500T TR - DGH9 71 051
2026-06-02 04:02:55,304 - INFO - ℹ️ Ya registrado HOY: 2500T TR - DGH9 71 051
2026-06-02 04:02:58,341 - INFO - ℹ️ Ya registrado HOY: 2500T TR - DGH9 71 051
2026-06-02 04:03:00,376 - INFO - ℹ️ Ya registrado HOY: 2500T TR - DGH9 71 051
2026-06-02 04:03:03,417 - INFO - ℹ️ Ya registrado HOY: 2500T TR - DGH9 71 051
2026-06-02 04:03:06,429 - INFO - ℹ️ Ya registrado HOY: 2500T TR - DGH9 71 051
2026-06-02 04:03:08,486 - INFO - ℹ️ Ya registrado HOY: 2500T TR - DGH9 71 051
2026-06-02 04:03:11,502 - INFO - ℹ️ Ya registrado HOY: 2500T TR - DGH9 71 051
2026-06-02 04:03:13,525 - INFO - ℹ️ Ya registrado HOY: 2500T TR - DGH9 71 051
2026-06-02 04:03:16,559 - INFO - ℹ️ Ya registrado HOY: 2500T TR - DGH9 71 051
2026-06-02 04:03:18,581 - INFO - ℹ️ Ya registrado HOY: 2500T TR - DGH9 71 051
2026-06-02 04:03:21,626 - INFO - ℹ️ Ya registrado HOY: 2500T TR - DGH9 71 051
2026-06-02 04:03:24,645 - INFO - ℹ️ Ya registrado HOY: 2500T TR - DGH9 71 051
2026-06-02 04:03:26,697 - INFO - ℹ️ Ya registrado HOY: 2500T TR - DGH9 71 051
2026-06-02 04:03:29,710 - INFO - ℹ️ Ya registrado HOY: 2500T TR - DGH9 71 051
2026-06-02 04:03:40,581 - INFO - ℹ️ Ya registrado HOY: 2500T TR - DGH9 71 051
2026-06-02 04:03:42,615 - INFO - ℹ️ Ya registrado HOY: 2500T TR - DGH9 71 051
2026-06-02 04:03:44,640 - INFO - ℹ️ Ya registrado HOY: 2500T TR - DGH9 71 051
2026-06-02 04:03:47,629 - INFO - ℹ️ Ya registrado HOY: 2500T TR - DGH9 71 051
2026-06-02 04:03:49,705 - INFO - ℹ️ Ya registrado HOY: 2500T TR - DGH9 71 051
2026-06-02 04:03:52,690 - INFO - ℹ️ Ya registrado HOY: 2500T TR - DGH9 71 051
2026-06-02 04:03:55,703 - INFO - ℹ️ Ya registrado HOY: 2500T TR - DGH9 71 051
2026-06-02 04:03:57,758 - INFO - ℹ️ Ya registrado HOY: 2500T TR - DGH9 71 051
2026-06-02 04:04:00,781 - INFO - ℹ️ Ya registrado HOY: 2500T TR - DGH9 71 051
2026-06-02 04:04:02,807 - INFO - ℹ️ Ya registrado HOY: 2500T TR - DGH9 71 051
2026-06-02 04:04:05,845 - INFO - ℹ️ Ya registrado HOY: 2500T TR - DGH9 71 051
2026-06-02 04:04:07,870 - INFO - ℹ️ Ya registrado HOY: 2500T TR - DGH9 71 051
2026-06-02 04:04:10,906 - INFO - ℹ️ Ya registrado HOY: 2500T TR - DGH9 71 051
2026-06-02 04:04:12,920 - INFO - ℹ️ Ya registrado HOY: 2500T TR - DGH9 71 051
2026-06-02 04:04:15,971 - INFO - ℹ️ Ya registrado HOY: 2500T TR - DGH9 71 051
2026-06-02 04:04:18,999 - INFO - ℹ️ Ya registrado HOY: 2500T TR - DGH9 71 051
2026-06-02 04:04:21,011 - INFO - ℹ️ Ya registrado HOY: 2500T TR - DGH9 71 051
2026-06-02 04:04:24,066 - INFO - ℹ️ Ya registrado HOY: 2500T TR - DGH9 71 051
2026-06-02 04:04:26,087 - INFO - ℹ️ Ya registrado HOY: 2500T TR - DGH9 71 051
2026-06-02 04:04:29,139 - INFO - ℹ️ Ya registrado HOY: 2500T TR - DGH9 71 051
2026-06-02 04:04:31,157 - INFO - ℹ️ Ya registrado HOY: 2500T TR - DGH9 71 051
2026-06-02 04:04:34,193 - INFO - ℹ️ Ya registrado HOY: 2500T TR - DGH9 71 051
2026-06-02 04:04:37,225 - INFO - ℹ️ Ya registrado HOY: 2500T TR - DGH9 71 051
2026-06-02 04:04:39,228 - INFO - ℹ️ Ya registrado HOY: 2500T TR - DGH9 71 051
2026-06-02 04:04:42,260 - INFO - ℹ️ Ya registrado HOY: 2500T TR - DGH9 71 051
2026-06-02 04:04:44,299 - INFO - ℹ️ Ya registrado HOY: 2500T TR - DGH9 71 051
2026-06-02 04:04:47,303 - INFO - ℹ️ Ya registrado HOY: 2500T TR - DGH9 71 051
2026-06-02 04:04:54,396 - INFO - ℹ️ Ya registrado HOY: 2500T TR - DGH9 71 051
2026-06-02 04:04:57,394 - INFO - ℹ️ Ya registrado HOY: 2500T TR - DGH9 71 051
2026-06-02 04:05:00,437 - INFO - ℹ️ Ya registrado HOY: 2500T TR - DGH9 71 051
2026-06-02 04:05:02,450 - INFO - ℹ️ Ya registrado HOY: 2500T TR - DGH9 71 051
2026-06-02 04:05:05,476 - INFO - ℹ️ Ya registrado HOY: 2500T TR - DGH9 71 051
2026-06-02 04:05:07,510 - INFO - ℹ️ Ya registrado HOY: 2500T TR - DGH9 71 051
2026-06-02 04:05:10,530 - INFO - ℹ️ Ya registrado HOY: 2500T TR - DGH9 71 051
2026-06-02 04:05:12,607 - INFO - ℹ️ Ya registrado HOY: 2500T TR - DGH9 71 051
2026-06-02 04:05:15,609 - INFO - ℹ️ Ya registrado HOY: 2500T TR - DGH9 71 051
2026-06-02 04:05:18,641 - INFO - ℹ️ Ya registrado HOY: 2500T TR - DGH9 71 051
2026-06-02 04:05:20,689 - INFO - ℹ️ Ya registrado HOY: 2500T TR - DGH9 71 051
2026-06-02 04:05:23,716 - INFO - ℹ️ Ya registrado HOY: 2500T TR - DGH9 71 051
2026-06-02 04:05:25,757 - INFO - ℹ️ Ya registrado HOY: 2500T TR - DGH9 71 051
2026-06-02 04:05:28,777 - INFO - ℹ️ Ya registrado HOY: 2500T TR - DGH9 71 051
2026-06-02 04:05:30,802 - INFO - ℹ️ Ya registrado HOY: 2500T TR - DGH9 71 051
2026-06-02 04:05:33,846 - INFO - ℹ️ Ya registrado HOY: 2500T TR - DGH9 71 051
2026-06-02 04:05:35,881 - INFO - ℹ️ Ya registrado HOY: 2500T TR - DGH9 71 051
2026-06-02 04:05:38,924 - INFO - ℹ️ Ya registrado HOY: 2500T TR - DGH9 71 051
2026-06-02 04:05:41,928 - INFO - ℹ️ Ya registrado HOY: 2500T TR - DGH9 71 051
2026-06-02 04:05:43,965 - INFO - ℹ️ Ya registrado HOY: 2500T TR - DGH9 71 051
2026-06-02 04:05:46,983 - INFO - ℹ️ Ya registrado HOY: 2500T TR - DGH9 71 051
2026-06-02 04:05:49,018 - INFO - ℹ️ Ya registrado HOY: 2500T TR - DGH9 71 051
2026-06-02 04:05:52,083 - INFO - ℹ️ Ya registrado HOY: 2500T TR - DGH9 71 051
2026-06-02 04:05:54,063 - INFO - ℹ️ Ya registrado HOY: 2500T TR - DGH9 71 051
2026-06-02 04:05:57,105 - INFO - ℹ️ Ya registrado HOY: 2500T TR - DGH9 71 051
2026-06-02 04:06:09,064 - INFO - ℹ️ Ya registrado HOY: 2500T TR - DGH9 71 051
2026-06-02 04:06:10,078 - INFO - ℹ️ Ya registrado HOY: 2500T TR - DGH9 71 051
2026-06-02 04:06:13,110 - INFO - ℹ️ Ya registrado HOY: 2500T TR - DGH9 71 051
2026-06-02 04:06:15,133 - INFO - ℹ️ Ya registrado HOY: 2500T TR - DGH9 71 051
2026-06-02 04:06:18,200 - INFO - ℹ️ Ya registrado HOY: 2500T TR - DGH9 71 051
2026-06-02 04:06:20,195 - INFO - ℹ️ Ya registrado HOY: 2500T TR - DGH9 71 051
2026-06-02 04:06:23,238 - INFO - ℹ️ Ya registrado HOY: 2500T TR - DGH9 71 051
2026-06-02 04:06:25,257 - INFO - ℹ️ Ya registrado HOY: 2500T TR - DGH9 71 051
2026-06-02 04:06:28,287 - INFO - ℹ️ Ya registrado HOY: 2500T TR - DGH9 71 051
2026-06-02 04:06:30,330 - INFO - ℹ️ Ya registrado HOY: 2500T TR - DGH9 71 051
2026-06-02 04:06:33,361 - INFO - ℹ️ Ya registrado HOY: 2500T TR - DGH9 71 051
2026-06-02 04:06:36,380 - INFO - ℹ️ Ya registrado HOY: 2500T TR - DGH9 71 051
2026-06-02 04:06:38,377 - INFO - ℹ️ Ya registrado HOY: 2500T TR - DGH9 71 051
2026-06-02 04:06:41,367 - INFO - ℹ️ Ya registrado HOY: 2500T TR - DGH9 71 051
2026-06-02 04:06:43,410 - INFO - ℹ️ Ya registrado HOY: 2500T TR - DGH9 71 051
2026-06-02 04:06:46,398 - INFO - ℹ️ Ya registrado HOY: 2500T TR - DGH9 71 051
2026-06-02 04:06:48,450 - INFO - ℹ️ Ya registrado HOY: 2500T TR - DGH9 71 051
2026-06-02 04:06:51,459 - INFO - ℹ️ Ya registrado HOY: 2500T TR - DGH9 71 051
2026-06-02 04:06:54,523 - INFO - ℹ️ Ya registrado HOY: 2500T TR - DGH9 71 051
2026-06-02 04:06:56,553 - INFO - ℹ️ Ya registrado HOY: 2500T TR - DGH9 71 051
2026-06-02 04:06:59,562 - INFO - ℹ️ Ya registrado HOY: 2500T TR - DGH9 71 051
2026-06-02 04:07:01,570 - INFO - ℹ️ Ya registrado HOY: 2500T TR - DGH9 71 051
2026-06-02 04:07:04,595 - INFO - ℹ️ Ya registrado HOY: 2500T TR - DGH9 71 051
2026-06-02 04:07:06,638 - INFO - ℹ️ Ya registrado HOY: 2500T TR - DGH9 71 051
2026-06-02 04:07:09,634 - INFO - ℹ️ Ya registrado HOY: 2500T TR - DGH9 71 051
2026-06-02 04:07:12,638 - INFO - ℹ️ Ya registrado HOY: 2500T TR - DGH9 71 051
2026-06-02 04:07:14,675 - INFO - ℹ️ Ya registrado HOY: 2500T TR - DGH9 71 051
2026-06-02 04:07:17,736 - INFO - ℹ️ Ya registrado HOY: 2500T TR - DGH9 71 051
2026-06-02 04:07:19,759 - INFO - ℹ️ Ya registrado HOY: 2500T TR - DGH9 71 051
2026-06-02 04:07:22,772 - INFO - ℹ️ Ya registrado HOY: 2500T TR - DGH9 71 051
2026-06-02 04:07:24,810 - INFO - ℹ️ Ya registrado HOY: 2500T TR - DGH9 71 051
2026-06-02 04:07:27,841 - INFO - ℹ️ Ya registrado HOY: 2500T TR - DGH9 71 051
2026-06-02 04:07:30,877 - INFO - ℹ️ Ya registrado HOY: 2500T TR - DGH9 71 051
2026-06-02 04:07:32,867 - INFO - ℹ️ Ya registrado HOY: 2500T TR - DGH9 71 051
2026-06-02 04:07:35,920 - INFO - ℹ️ Ya registrado HOY: 2500T TR - DGH9 71 051
2026-06-02 04:07:37,940 - INFO - ℹ️ Ya registrado HOY: 2500T TR - DGH9 71 051
2026-06-02 04:07:48,811 - INFO - ℹ️ Ya registrado HOY: 2500T TR - DGH9 71 051
2026-06-02 04:07:50,822 - INFO - ℹ️ Ya registrado HOY: 2500T TR - DGH9 71 051
2026-06-02 04:07:53,854 - INFO - ℹ️ Ya registrado HOY: 2500T TR - DGH9 71 051
2026-06-02 04:07:55,890 - INFO - ℹ️ Ya registrado HOY: 2500T TR - DGH9 71 051
2026-06-02 04:07:58,933 - INFO - ℹ️ Ya registrado HOY: 2500T TR - DGH9 71 051
2026-06-02 04:08:01,940 - INFO - ℹ️ Ya registrado HOY: 2500T TR - DGH9 71 051
2026-06-02 04:08:03,971 - INFO - ℹ️ Ya registrado HOY: 2500T TR - DGH9 71 051
2026-06-02 04:08:06,990 - INFO - ℹ️ Ya registrado HOY: 2500T TR - DGH9 71 051
2026-06-02 04:08:09,020 - INFO - ℹ️ Ya registrado HOY: 2500T TR - DGH9 71 051
2026-06-02 04:08:12,075 - INFO - ℹ️ Ya registrado HOY: 2500T TR - DGH9 71 051
2026-06-02 04:08:14,053 - INFO - ℹ️ Ya registrado HOY: 2500T TR - DGH9 71 051
2026-06-02 04:08:17,074 - INFO - ℹ️ Ya registrado HOY: 2500T TR - DGH9 71 051
2026-06-02 04:08:20,118 - INFO - ℹ️ Ya registrado HOY: 2500T TR - DGH9 71 051
2026-06-02 04:08:22,130 - INFO - ℹ️ Ya registrado HOY: 2500T TR - DGH9 71 051
2026-06-02 04:08:25,162 - INFO - ℹ️ Ya registrado HOY: 2500T TR - DGH9 71 051
2026-06-02 04:08:27,186 - INFO - ℹ️ Ya registrado HOY: 2500T TR - DGH9 71 051
2026-06-02 04:08:30,200 - INFO - ℹ️ Ya registrado HOY: 2500T TR - DGH9 71 051
2026-06-02 04:08:32,231 - INFO - ℹ️ Ya registrado HOY: 2500T TR - DGH9 71 051
2026-06-02 04:08:35,277 - INFO - ℹ️ Ya registrado HOY: 2500T TR - DGH9 71 051
2026-06-02 04:08:38,293 - INFO - ℹ️ Ya registrado HOY: 2500T TR - DGH9 71 051
2026-06-02 04:08:40,318 - INFO - ℹ️ Ya registrado HOY: 2500T TR - DGH9 71 051
2026-06-02 04:08:43,366 - INFO - ℹ️ Ya registrado HOY: 2500T TR - DGH9 71 051
2026-06-02 04:08:45,368 - INFO - ℹ️ Ya registrado HOY: 2500T TR - DGH9 71 051
2026-06-02 04:08:48,416 - INFO - ℹ️ Ya registrado HOY: 2500T TR - DGH9 71 051
2026-06-02 04:08:50,436 - INFO - ℹ️ Ya registrado HOY: 2500T TR - DGH9 71 051
2026-06-02 04:08:53,457 - INFO - ℹ️ Ya registrado HOY: 2500T TR - DGH9 71 051
2026-06-02 04:08:55,526 - INFO - ℹ️ Ya registrado HOY: 2500T TR - DGH9 71 051
2026-06-02 04:08:58,558 - INFO - ℹ️ Ya registrado HOY: 2500T TR - DGH9 71 051
2026-06-02 04:09:01,553 - INFO - ℹ️ Ya registrado HOY: 2500T TR - DGH9 71 051
2026-06-02 04:09:03,607 - INFO - ℹ️ Ya registrado HOY: 2500T TR - DGH9 71 051
2026-06-02 04:09:06,621 - INFO - ℹ️ Ya registrado HOY: 2500T TR - DGH9 71 051
2026-06-02 04:09:08,663 - INFO - ℹ️ Ya registrado HOY: 2500T TR - DGH9 71 051
2026-06-02 04:09:11,659 - INFO - ℹ️ Ya registrado HOY: 2500T TR - DGH9 71 051
2026-06-02 04:09:13,734 - INFO - ℹ️ Ya registrado HOY: 2500T TR - DGH9 71 051
2026-06-02 04:09:16,742 - INFO - ℹ️ Ya registrado HOY: 2500T TR - DGH9 71 051
2026-06-02 04:09:19,735 - INFO - ℹ️ Ya registrado HOY: 2500T TR - DGH9 71 051
2026-06-02 04:09:21,753 - INFO - ℹ️ Ya registrado HOY: 2500T TR - DGH9 71 051
2026-06-02 04:09:24,773 - INFO - ℹ️ Ya registrado HOY: 2500T TR - DGH9 71 051
2026-06-02 04:09:26,763 - INFO - ℹ️ Ya registrado HOY: 2500T TR - DGH9 71 051
2026-06-02 04:09:29,846 - INFO - ℹ️ Ya registrado HOY: 2500T TR - DGH9 71 051
2026-06-02 04:09:31,858 - INFO - ℹ️ Ya registrado HOY: 2500T TR - DGH9 71 051
2026-06-02 04:09:34,872 - INFO - ℹ️ Ya registrado HOY: 2500T TR - DGH9 71 051
2026-06-02 04:09:37,899 - INFO - ℹ️ Ya registrado HOY: 2500T TR - DGH9 71 051
2026-06-02 04:09:39,928 - INFO - ℹ️ Ya registrado HOY: 2500T TR - DGH9 71 051
2026-06-02 04:09:42,977 - INFO - ℹ️ Ya registrado HOY: 2500T TR - DGH9 71 051
2026-06-02 04:09:45,029 - INFO - ℹ️ Ya registrado HOY: 2500T TR - DGH9 71 051
2026-06-02 04:09:48,026 - INFO - ℹ️ Ya registrado HOY: 2500T TR - DGH9 71 051
2026-06-02 04:09:50,051 - INFO - ℹ️ Ya registrado HOY: 2500T TR - DGH9 71 051
2026-06-02 04:09:53,102 - INFO - ℹ️ Ya registrado HOY: 2500T TR - DGH9 71 051
2026-06-02 04:09:55,119 - INFO - ℹ️ Ya registrado HOY: 2500T TR - DGH9 71 051
2026-06-02 04:09:58,156 - INFO - ℹ️ Ya registrado HOY: 2500T TR - DGH9 71 051
2026-06-02 04:10:01,188 - INFO - ℹ️ Ya registrado HOY: 2500T TR - DGH9 71 051
2026-06-02 04:10:03,254 - INFO - ℹ️ Ya registrado HOY: 2500T TR - DGH9 71 051
2026-06-02 04:10:06,246 - INFO - ℹ️ Ya registrado HOY: 2500T TR - DGH9 71 051
2026-06-02 04:10:08,249 - INFO - ℹ️ Ya registrado HOY: 2500T TR - DGH9 71 051
2026-06-02 04:10:11,293 - INFO - ℹ️ Ya registrado HOY: 2500T TR - DGH9 71 051
2026-06-02 04:10:13,340 - INFO - ℹ️ Ya registrado HOY: 2500T TR - DGH9 71 051
2026-06-02 04:10:16,371 - INFO - ℹ️ Ya registrado HOY: 2500T TR - DGH9 71 051
2026-06-02 04:10:18,397 - INFO - ℹ️ Ya registrado HOY: 2500T TR - DGH9 71 051
2026-06-02 04:10:21,410 - INFO - ℹ️ Ya registrado HOY: 2500T TR - DGH9 71 051
2026-06-02 04:10:24,442 - INFO - ℹ️ Ya registrado HOY: 2500T TR - DGH9 71 051
2026-06-02 04:10:26,500 - INFO - ℹ️ Ya registrado HOY: 2500T TR - DGH9 71 051
2026-06-02 04:10:29,486 - INFO - ℹ️ Ya registrado HOY: 2500T TR - DGH9 71 051
2026-06-02 04:10:31,517 - INFO - ℹ️ Ya registrado HOY: 2500T TR - DGH9 71 051
2026-06-02 04:10:34,534 - INFO - ℹ️ Ya registrado HOY: 2500T TR - DGH9 71 051
2026-06-02 04:10:36,573 - INFO - ℹ️ Ya registrado HOY: 2500T TR - DGH9 71 051
2026-06-02 04:10:39,607 - INFO - ℹ️ Ya registrado HOY: 2500T TR - DGH9 71 051
2026-06-02 04:10:42,624 - INFO - ℹ️ Ya registrado HOY: 2500T TR - DGH9 71 051
2026-06-02 04:10:44,652 - INFO - ℹ️ Ya registrado HOY: 2500T TR - DGH9 71 051
2026-06-02 04:10:47,697 - INFO - ℹ️ Ya registrado HOY: 2500T TR - DGH9 71 051
2026-06-02 04:10:49,714 - INFO - ℹ️ Ya registrado HOY: 2500T TR - DGH9 71 051
2026-06-02 04:10:52,759 - INFO - ℹ️ Ya registrado HOY: 2500T TR - DGH9 71 051
2026-06-02 04:10:54,776 - INFO - ℹ️ Ya registrado HOY: 2500T TR - DGH9 71 051
2026-06-02 04:10:57,820 - INFO - ℹ️ Ya registrado HOY: 2500T TR - DGH9 71 051
2026-06-02 04:11:00,847 - INFO - ℹ️ Ya registrado HOY: 2500T TR - DGH9 71 051
2026-06-02 04:11:02,849 - INFO - ℹ️ Ya registrado HOY: 2500T TR - DGH9 71 051
2026-06-02 04:11:05,943 - INFO - ℹ️ Ya registrado HOY: 2500T TR - DGH9 71 051
2026-06-02 04:11:07,915 - INFO - ℹ️ Ya registrado HOY: 2500T TR - DGH9 71 051
2026-06-02 04:11:10,959 - INFO - ℹ️ Ya registrado HOY: 2500T TR - DGH9 71 051
2026-06-02 04:11:12,984 - INFO - ℹ️ Ya registrado HOY: 2500T TR - DGH9 71 051
2026-06-02 04:11:16,001 - INFO - ℹ️ Ya registrado HOY: 2500T TR - DGH9 71 051
2026-06-02 04:11:18,023 - INFO - ℹ️ Ya registrado HOY: 2500T TR - DGH9 71 051
2026-06-02 04:11:21,055 - INFO - ℹ️ Ya registrado HOY: 2500T TR - DGH9 71 051
2026-06-02 04:11:24,088 - INFO - ℹ️ Ya registrado HOY: 2500T TR - DGH9 71 051
2026-06-02 04:11:26,132 - INFO - ℹ️ Ya registrado HOY: 2500T TR - DGH9 71 051
2026-06-02 04:11:29,139 - INFO - ℹ️ Ya registrado HOY: 2500T TR - DGH9 71 051
2026-06-02 04:11:31,175 - INFO - ℹ️ Ya registrado HOY: 2500T TR - DGH9 71 051
2026-06-02 04:11:34,170 - INFO - ℹ️ Ya registrado HOY: 2500T TR - DGH9 71 051
2026-06-02 04:11:36,226 - INFO - ℹ️ Ya registrado HOY: 2500T TR - DGH9 71 051
2026-06-02 04:11:39,237 - INFO - ℹ️ Ya registrado HOY: 2500T TR - DGH9 71 051
2026-06-02 04:11:42,259 - INFO - ℹ️ Ya registrado HOY: 2500T TR - DGH9 71 051
2026-06-02 04:11:44,292 - INFO - ℹ️ Ya registrado HOY: 2500T TR - DGH9 71 051
2026-06-02 04:11:47,315 - INFO - ℹ️ Ya registrado HOY: 2500T TR - DGH9 71 051
2026-06-02 04:11:49,376 - INFO - ℹ️ Ya registrado HOY: 2500T TR - DGH9 71 051
2026-06-02 04:11:52,386 - INFO - ℹ️ Ya registrado HOY: 2500T TR - DGH9 71 051
2026-06-02 04:11:54,407 - INFO - ℹ️ Ya registrado HOY: 2500T TR - DGH9 71 051
2026-06-02 04:11:57,414 - INFO - ℹ️ Ya registrado HOY: 2500T TR - DGH9 71 051
2026-06-02 04:12:00,470 - INFO - ℹ️ Ya registrado HOY: 2500T TR - DGH9 71 051
2026-06-02 04:12:02,488 - INFO - ℹ️ Ya registrado HOY: 2500T TR - DGH9 71 051
2026-06-02 04:12:05,537 - INFO - ℹ️ Ya registrado HOY: 2500T TR - DGH9 71 051
2026-06-02 04:12:07,554 - INFO - ℹ️ Ya registrado HOY: 2500T TR - DGH9 71 051
2026-06-02 04:12:10,611 - INFO - ℹ️ Ya registrado HOY: 2500T TR - DGH9 71 051
2026-06-02 04:12:12,594 - INFO - ℹ️ Ya registrado HOY: 2500T TR - DGH9 71 051
2026-06-02 04:12:15,610 - INFO - ℹ️ Ya registrado HOY: 2500T TR - DGH9 71 051
2026-06-02 04:12:17,643 - INFO - ℹ️ Ya registrado HOY: 2500T TR - DGH9 71 051
2026-06-02 04:12:20,666 - INFO - ℹ️ Ya registrado HOY: 2500T TR - DGH9 71 051
2026-06-02 04:12:23,682 - INFO - ℹ️ Ya registrado HOY: 2500T TR - DGH9 71 051
2026-06-02 04:12:25,727 - INFO - ℹ️ Ya registrado HOY: 2500T TR - DGH9 71 051
2026-06-02 04:12:28,720 - INFO - ℹ️ Ya registrado HOY: 2500T TR - DGH9 71 051
2026-06-02 04:12:30,748 - INFO - ℹ️ Ya registrado HOY: 2500T TR - DGH9 71 051
2026-06-02 04:12:33,780 - INFO - ℹ️ Ya registrado HOY: 2500T TR - DGH9 71 051
2026-06-02 04:12:36,809 - INFO - ℹ️ Ya registrado HOY: 2500T TR - DGH9 71 051
2026-06-02 04:12:38,785 - INFO - ℹ️ Ya registrado HOY: 2500T TR - DGH9 71 051
2026-06-02 04:12:41,837 - INFO - ℹ️ Ya registrado HOY: 2500T TR - DGH9 71 051
2026-06-02 04:12:43,848 - INFO - ℹ️ Ya registrado HOY: 2500T TR - DGH9 71 051
2026-06-02 04:12:46,876 - INFO - ℹ️ Ya registrado HOY: 2500T TR - DGH9 71 051
2026-06-02 04:12:48,869 - INFO - ℹ️ Ya registrado HOY: 2500T TR - DGH9 71 051
2026-06-02 04:12:51,901 - INFO - ℹ️ Ya registrado HOY: 2500T TR - DGH9 71 051
2026-06-02 04:12:53,930 - INFO - ℹ️ Ya registrado HOY: 2500T TR - DGH9 71 051
2026-06-02 04:12:56,961 - INFO - ℹ️ Ya registrado HOY: 2500T TR - DGH9 71 051
2026-06-02 04:13:00,005 - INFO - ℹ️ Ya registrado HOY: 2500T TR - DGH9 71 051
2026-06-02 04:13:02,000 - INFO - ℹ️ Ya registrado HOY: 2500T TR - DGH9 71 051
2026-06-02 04:13:05,057 - INFO - ℹ️ Ya registrado HOY: 2500T TR - DGH9 71 051
2026-06-02 04:13:07,078 - INFO - ℹ️ Ya registrado HOY: 2500T TR - DGH9 71 051
2026-06-02 04:13:10,108 - INFO - ℹ️ Ya registrado HOY: 2500T TR - DGH9 71 051
2026-06-02 04:13:12,129 - INFO - ℹ️ Ya registrado HOY: 2500T TR - DGH9 71 051
2026-06-02 04:13:15,164 - INFO - ℹ️ Ya registrado HOY: 2500T TR - DGH9 71 051
2026-06-02 04:13:18,205 - INFO - ℹ️ Ya registrado HOY: 2500T TR - DGH9 71 051
2026-06-02 04:13:20,215 - INFO - ℹ️ Ya registrado HOY: 2500T TR - DGH9 71 051
2026-06-02 04:13:23,262 - INFO - ℹ️ Ya registrado HOY: 2500T TR - DGH9 71 051
2026-06-02 04:13:25,315 - INFO - ℹ️ Ya registrado HOY: 2500T TR - DGH9 71 051
2026-06-02 04:13:28,311 - INFO - ℹ️ Ya registrado HOY: 2500T TR - DGH9 71 051
2026-06-02 04:13:40,381 - INFO - ℹ️ Ya registrado HOY: 2500T TR - DGH9 71 051
2026-06-02 04:13:40,387 - INFO - ℹ️ Ya registrado HOY: 2500T TR - DGH9 71 051
2026-06-02 04:13:41,337 - INFO - ℹ️ Ya registrado HOY: 2500T TR - DGH9 71 051
2026-06-02 04:13:43,370 - INFO - ℹ️ Ya registrado HOY: 2500T TR - DGH9 71 051
2026-06-02 04:13:46,380 - INFO - ℹ️ Ya registrado HOY: 2500T TR - DGH9 71 051
2026-06-02 04:13:48,393 - INFO - ℹ️ Ya registrado HOY: 2500T TR - DGH9 71 051
2026-06-02 04:13:51,413 - INFO - ℹ️ Ya registrado HOY: 2500T TR - DGH9 71 051
2026-06-02 04:13:54,449 - INFO - ℹ️ Ya registrado HOY: 2500T TR - DGH9 71 051
2026-06-02 04:13:56,476 - INFO - ℹ️ Ya registrado HOY: 2500T TR - DGH9 71 051
2026-06-02 04:13:59,500 - INFO - ℹ️ Ya registrado HOY: 2500T TR - DGH9 71 051
2026-06-02 04:14:01,554 - INFO - ℹ️ Ya registrado HOY: 2500T TR - DGH9 71 051
2026-06-02 04:14:04,575 - INFO - ℹ️ Ya registrado HOY: 2500T TR - DGH9 71 051
2026-06-02 04:14:06,575 - INFO - ℹ️ Ya registrado HOY: 2500T TR - DGH9 71 051
2026-06-02 04:14:09,613 - INFO - ℹ️ Ya registrado HOY: 2500T TR - DGH9 71 051
2026-06-02 04:14:12,661 - INFO - ℹ️ Ya registrado HOY: 2500T TR - DGH9 71 051
2026-06-02 04:14:14,709 - INFO - ℹ️ Ya registrado HOY: 2500T TR - DGH9 71 051
2026-06-02 04:14:17,751 - INFO - ℹ️ Ya registrado HOY: 2500T TR - DGH9 71 051
2026-06-02 04:14:19,753 - INFO - ℹ️ Ya registrado HOY: 2500T TR - DGH9 71 051
2026-06-02 04:14:22,801 - INFO - ℹ️ Ya registrado HOY: 2500T TR - DGH9 71 051
2026-06-02 04:14:24,816 - INFO - ℹ️ Ya registrado HOY: 2500T TR - DGH9 71 051
2026-06-02 04:14:27,849 - INFO - ℹ️ Ya registrado HOY: 2500T TR - DGH9 71 051
2026-06-02 04:14:29,857 - INFO - ℹ️ Ya registrado HOY: 2500T TR - DGH9 71 051
2026-06-02 04:14:32,905 - INFO - ℹ️ Ya registrado HOY: 2500T TR - DGH9 71 051
2026-06-02 04:14:35,948 - INFO - ℹ️ Ya registrado HOY: 2500T TR - DGH9 71 051
2026-06-02 04:14:37,951 - INFO - ℹ️ Ya registrado HOY: 2500T TR - DGH9 71 051
2026-06-02 04:14:41,003 - INFO - ℹ️ Ya registrado HOY: 2500T TR - DGH9 71 051
2026-06-02 04:14:43,011 - INFO - ℹ️ Ya registrado HOY: 2500T TR - DGH9 71 051
2026-06-02 04:14:46,009 - INFO - ℹ️ Ya registrado HOY: 2500T TR - DGH9 71 051
2026-06-02 04:14:48,057 - INFO - ℹ️ Ya registrado HOY: 2500T TR - DGH9 71 051
2026-06-02 04:14:51,086 - INFO - ℹ️ Ya registrado HOY: 2500T TR - DGH9 71 051
2026-06-02 04:14:54,079 - INFO - ℹ️ Ya registrado HOY: 2500T TR - DGH9 71 051
2026-06-02 04:14:56,132 - INFO - ℹ️ Ya registrado HOY: 2500T TR - DGH9 71 051
2026-06-02 04:14:59,164 - INFO - ℹ️ Ya registrado HOY: 2500T TR - DGH9 71 051
2026-06-02 04:15:01,184 - INFO - ℹ️ Ya registrado HOY: 2500T TR - DGH9 71 051
2026-06-02 04:15:04,226 - INFO - ℹ️ Ya registrado HOY: 2500T TR - DGH9 71 051
2026-06-02 04:15:06,261 - INFO - ℹ️ Ya registrado HOY: 2500T TR - DGH9 71 051
2026-06-02 04:15:09,276 - INFO - ℹ️ Ya registrado HOY: 2500T TR - DGH9 71 051
2026-06-02 04:15:11,320 - INFO - ℹ️ Ya registrado HOY: 2500T TR - DGH9 71 051
2026-06-02 04:15:14,348 - INFO - ℹ️ Ya registrado HOY: 2500T TR - DGH9 71 051
2026-06-02 04:15:17,355 - INFO - ℹ️ Ya registrado HOY: 2500T TR - DGH9 71 051
2026-06-02 04:15:19,379 - INFO - ℹ️ Ya registrado HOY: 2500T TR - DGH9 71 051
2026-06-02 04:15:22,387 - INFO - ℹ️ Ya registrado HOY: 2500T TR - DGH9 71 051
2026-06-02 04:15:24,439 - INFO - ℹ️ Ya registrado HOY: 2500T TR - DGH9 71 051
2026-06-02 04:15:27,488 - INFO - ℹ️ Ya registrado HOY: 2500T TR - DGH9 71 051
2026-06-02 04:15:29,502 - INFO - ℹ️ Ya registrado HOY: 2500T TR - DGH9 71 051
2026-06-02 04:15:32,544 - INFO - ℹ️ Ya registrado HOY: 2500T TR - DGH9 71 051
2026-06-02 04:15:35,554 - INFO - ℹ️ Ya registrado HOY: 2500T TR - DGH9 71 051
2026-06-02 04:15:37,591 - INFO - ℹ️ Ya registrado HOY: 2500T TR - DGH9 71 051
2026-06-02 04:15:40,627 - INFO - ℹ️ Ya registrado HOY: 2500T TR - DGH9 71 051
2026-06-02 04:15:42,646 - INFO - ℹ️ Ya registrado HOY: 2500T TR - DGH9 71 051
2026-06-02 04:15:45,666 - INFO - ℹ️ Ya registrado HOY: 2500T TR - DGH9 71 051
2026-06-02 04:15:47,690 - INFO - ℹ️ Ya registrado HOY: 2500T TR - DGH9 71 051
2026-06-02 04:15:50,734 - INFO - ℹ️ Ya registrado HOY: 2500T TR - DGH9 71 051
2026-06-02 04:15:53,771 - INFO - ℹ️ Ya registrado HOY: 2500T TR - DGH9 71 051
2026-06-02 04:15:55,796 - INFO - ℹ️ Ya registrado HOY: 2500T TR - DGH9 71 051
2026-06-02 04:15:58,849 - INFO - ℹ️ Ya registrado HOY: 2500T TR - DGH9 71 051
2026-06-02 04:16:00,818 - INFO - ℹ️ Ya registrado HOY: 2500T TR - DGH9 71 051
2026-06-02 04:16:03,847 - INFO - ℹ️ Ya registrado HOY: 2500T TR - DGH9 71 051
2026-06-02 04:16:05,871 - INFO - ℹ️ Ya registrado HOY: 2500T TR - DGH9 71 051
2026-06-02 04:16:08,913 - INFO - ℹ️ Ya registrado HOY: 2500T TR - DGH9 71 051
2026-06-02 04:16:10,960 - INFO - ℹ️ Ya registrado HOY: 2500T TR - DGH9 71 051
2026-06-02 04:16:13,976 - INFO - ℹ️ Ya registrado HOY: 2500T TR - DGH9 71 051
2026-06-02 04:16:17,033 - INFO - ℹ️ Ya registrado HOY: 2500T TR - DGH9 71 051
2026-06-02 04:16:19,054 - INFO - ℹ️ Ya registrado HOY: 2500T TR - DGH9 71 051
2026-06-02 04:16:22,064 - INFO - ℹ️ Ya registrado HOY: 2500T TR - DGH9 71 051
2026-06-02 04:16:24,104 - INFO - ℹ️ Ya registrado HOY: 2500T TR - DGH9 71 051
2026-06-02 04:16:27,154 - INFO - ℹ️ Ya registrado HOY: 2500T TR - DGH9 71 051
2026-06-02 04:16:29,170 - INFO - ℹ️ Ya registrado HOY: 2500T TR - DGH9 71 051
2026-06-02 04:16:32,221 - INFO - ℹ️ Ya registrado HOY: 2500T TR - DGH9 71 051
2026-06-02 04:16:35,237 - INFO - ℹ️ Ya registrado HOY: 2500T TR - DGH9 71 051
2026-06-02 04:16:37,282 - INFO - ℹ️ Ya registrado HOY: 2500T TR - DGH9 71 051
2026-06-02 04:16:40,332 - INFO - ℹ️ Ya registrado HOY: 2500T TR - DGH9 71 051
2026-06-02 04:16:42,349 - INFO - ℹ️ Ya registrado HOY: 2500T TR - DGH9 71 051
2026-06-02 04:16:45,360 - INFO - ℹ️ Ya registrado HOY: 2500T TR - DGH9 71 051
2026-06-02 04:16:47,384 - INFO - ℹ️ Ya registrado HOY: 2500T TR - DGH9 71 051
2026-06-02 04:16:50,434 - INFO - ℹ️ Ya registrado HOY: 2500T TR - DGH9 71 051
2026-06-02 04:16:52,467 - INFO - ℹ️ Ya registrado HOY: 2500T TR - DGH9 71 051
2026-06-02 04:16:55,475 - INFO - ℹ️ Ya registrado HOY: 2500T TR - DGH9 71 051
2026-06-02 04:16:58,508 - INFO - ℹ️ Ya registrado HOY: 2500T TR - DGH9 71 051
2026-06-02 04:17:00,520 - INFO - ℹ️ Ya registrado HOY: 2500T TR - DGH9 71 051
2026-06-02 04:17:03,539 - INFO - ℹ️ Ya registrado HOY: 2500T TR - DGH9 71 051
2026-06-02 04:17:05,556 - INFO - ℹ️ Ya registrado HOY: 2500T TR - DGH9 71 051
2026-06-02 04:17:08,636 - INFO - ℹ️ Ya registrado HOY: 2500T TR - DGH9 71 051
2026-06-02 04:17:10,607 - INFO - ℹ️ Ya registrado HOY: 2500T TR - DGH9 71 051
2026-06-02 04:17:13,648 - INFO - ℹ️ Ya registrado HOY: 2500T TR - DGH9 71 051
2026-06-02 04:17:16,710 - INFO - ℹ️ Ya registrado HOY: 2500T TR - DGH9 71 051
2026-06-02 04:17:18,733 - INFO - ℹ️ Ya registrado HOY: 2500T TR - DGH9 71 051
2026-06-02 04:17:21,744 - INFO - ℹ️ Ya registrado HOY: 2500T TR - DGH9 71 051
2026-06-02 04:17:23,762 - INFO - ℹ️ Ya registrado HOY: 2500T TR - DGH9 71 051
2026-06-02 04:17:26,829 - INFO - ℹ️ Ya registrado HOY: 2500T TR - DGH9 71 051
2026-06-02 04:17:28,863 - INFO - ℹ️ Ya registrado HOY: 2500T TR - DGH9 71 051
2026-06-02 04:17:31,932 - INFO - ℹ️ Ya registrado HOY: 2500T TR - DGH9 71 051
2026-06-02 04:17:33,901 - INFO - ℹ️ Ya registrado HOY: 2500T TR - DGH9 71 051
2026-06-02 04:17:36,964 - INFO - ℹ️ Ya registrado HOY: 2500T TR - DGH9 71 051
2026-06-02 04:17:39,979 - INFO - ℹ️ Ya registrado HOY: 2500T TR - DGH9 71 051
2026-06-02 04:17:41,995 - INFO - ℹ️ Ya registrado HOY: 2500T TR - DGH9 71 051
2026-06-02 04:17:45,041 - INFO - ℹ️ Ya registrado HOY: 2500T TR - DGH9 71 051
2026-06-02 04:17:47,067 - INFO - ℹ️ Ya registrado HOY: 2500T TR - DGH9 71 051
2026-06-02 04:17:50,093 - INFO - ℹ️ Ya registrado HOY: 2500T TR - DGH9 71 051
2026-06-02 04:26:20,482 - INFO - ℹ️ Ya registrado HOY: 2500T TR - DGH9 71 051
2026-06-02 04:26:22,475 - INFO - ℹ️ Ya registrado HOY: 2500T TR - DGH9 71 051
2026-06-02 04:26:25,525 - INFO - ℹ️ Ya registrado HOY: 2500T TR - DGH9 71 051
2026-06-02 04:26:28,569 - INFO - ℹ️ Ya registrado HOY: 2500T TR - DGH9 71 051
2026-06-02 04:26:30,579 - INFO - ℹ️ Ya registrado HOY: 2500T TR - DGH9 71 051
2026-06-02 04:26:33,612 - INFO - ℹ️ Ya registrado HOY: 2500T TR - DGH9 71 051
2026-06-02 04:26:35,645 - INFO - ℹ️ Ya registrado HOY: 2500T TR - DGH9 71 051
2026-06-02 04:26:38,696 - INFO - ℹ️ Ya registrado HOY: 2500T TR - DGH9 71 051
2026-06-02 04:26:40,720 - INFO - ℹ️ Ya registrado HOY: 2500T TR - DGH9 71 051
2026-06-02 04:26:43,735 - INFO - ℹ️ Ya registrado HOY: 2500T TR - DGH9 71 051
2026-06-02 04:26:46,736 - INFO - ℹ️ Ya registrado HOY: 2500T TR - DGH9 71 051
2026-06-02 04:26:48,788 - INFO - ℹ️ Ya registrado HOY: 2500T TR - DGH9 71 051
2026-06-02 04:26:51,798 - INFO - ℹ️ Ya registrado HOY: 2500T TR - DGH9 71 051
2026-06-02 04:26:53,837 - INFO - ℹ️ Ya registrado HOY: 2500T TR - DGH9 71 051
2026-06-02 04:26:56,847 - INFO - ℹ️ Ya registrado HOY: 2500T TR - DGH9 71 051
2026-06-02 04:26:58,865 - INFO - ℹ️ Ya registrado HOY: 2500T TR - DGH9 71 051
2026-06-02 04:27:01,920 - INFO - ℹ️ Ya registrado HOY: 2500T TR - DGH9 71 051
2026-06-02 04:27:03,925 - INFO - ℹ️ Ya registrado HOY: 2500T TR - DGH9 71 051
2026-06-02 04:27:06,971 - INFO - ℹ️ Ya registrado HOY: 2500T TR - DGH9 71 051
2026-06-02 04:27:09,994 - INFO - ℹ️ Ya registrado HOY: 2500T TR - DGH9 71 051
2026-06-02 04:27:11,995 - INFO - ℹ️ Ya registrado HOY: 2500T TR - DGH9 71 051
2026-06-02 04:27:22,852 - INFO - ℹ️ Ya registrado HOY: 2500T TR - DGH9 71 051
2026-06-02 04:27:24,820 - INFO - ℹ️ Ya registrado HOY: 2500T TR - DGH9 71 051
2026-06-02 04:27:27,872 - INFO - ℹ️ Ya registrado HOY: 2500T TR - DGH9 71 051
2026-06-02 04:27:29,853 - INFO - ℹ️ Ya registrado HOY: 2500T TR - DGH9 71 051
2026-06-02 04:27:32,881 - INFO - ℹ️ Ya registrado HOY: 2500T TR - DGH9 71 051
2026-06-02 04:27:35,960 - INFO - ℹ️ Ya registrado HOY: 2500T TR - DGH9 71 051
2026-06-02 04:27:37,973 - INFO - ℹ️ Ya registrado HOY: 2500T TR - DGH9 71 051
2026-06-02 04:27:40,994 - INFO - ℹ️ Ya registrado HOY: 2500T TR - DGH9 71 051
2026-06-02 04:27:43,016 - INFO - ℹ️ Ya registrado HOY: 2500T TR - DGH9 71 051
2026-06-02 04:27:46,093 - INFO - ℹ️ Ya registrado HOY: 2500T TR - DGH9 71 051
2026-06-02 04:27:48,074 - INFO - ℹ️ Ya registrado HOY: 2500T TR - DGH9 71 051
2026-06-02 04:27:51,130 - INFO - ℹ️ Ya registrado HOY: 2500T TR - DGH9 71 051
2026-06-02 04:27:53,188 - INFO - ℹ️ Ya registrado HOY: 2500T TR - DGH9 71 051
2026-06-02 04:27:56,211 - INFO - ℹ️ Ya registrado HOY: 2500T TR - DGH9 71 051
2026-06-02 04:27:59,213 - INFO - ℹ️ Ya registrado HOY: 2500T TR - DGH9 71 051
2026-06-02 04:28:01,216 - INFO - ℹ️ Ya registrado HOY: 2500T TR - DGH9 71 051
2026-06-02 04:28:04,244 - INFO - ℹ️ Ya registrado HOY: 2500T TR - DGH9 71 051
2026-06-02 04:28:06,306 - INFO - ℹ️ Ya registrado HOY: 2500T TR - DGH9 71 051
2026-06-02 04:28:09,299 - INFO - ℹ️ Ya registrado HOY: 2500T TR - DGH9 71 051
2026-06-02 04:28:11,338 - INFO - ℹ️ Ya registrado HOY: 2500T TR - DGH9 71 051
2026-06-02 04:28:14,361 - INFO - ℹ️ Ya registrado HOY: 2500T TR - DGH9 71 051
2026-06-02 04:28:17,411 - INFO - ℹ️ Ya registrado HOY: 2500T TR - DGH9 71 051
2026-06-02 04:28:19,427 - INFO - ℹ️ Ya registrado HOY: 2500T TR - DGH9 71 051
2026-06-02 04:28:22,463 - INFO - ℹ️ Ya registrado HOY: 2500T TR - DGH9 71 051
2026-06-02 04:28:24,491 - INFO - ℹ️ Ya registrado HOY: 2500T TR - DGH9 71 051
2026-06-02 04:28:27,480 - INFO - ℹ️ Ya registrado HOY: 2500T TR - DGH9 71 051
2026-06-02 04:28:29,503 - INFO - ℹ️ Ya registrado HOY: 2500T TR - DGH9 71 051
2026-06-02 04:28:32,554 - INFO - ℹ️ Ya registrado HOY: 2500T TR - DGH9 71 051
2026-06-02 04:28:35,614 - INFO - ℹ️ Ya registrado HOY: 2500T TR - DGH9 71 051
2026-06-02 04:28:37,603 - INFO - ℹ️ Ya registrado HOY: 2500T TR - DGH9 71 051
2026-06-02 04:28:40,636 - INFO - ℹ️ Ya registrado HOY: 2500T TR - DGH9 71 051
2026-06-02 04:28:42,666 - INFO - ℹ️ Ya registrado HOY: 2500T TR - DGH9 71 051
2026-06-02 04:28:45,705 - INFO - ℹ️ Ya registrado HOY: 2500T TR - DGH9 71 051
2026-06-02 04:28:47,706 - INFO - ℹ️ Ya registrado HOY: 2500T TR - DGH9 71 051
2026-06-02 04:28:50,773 - INFO - ℹ️ Ya registrado HOY: 2500T TR - DGH9 71 051
2026-06-02 04:28:52,756 - INFO - ℹ️ Ya registrado HOY: 2500T TR - DGH9 71 051
2026-06-02 04:28:55,800 - INFO - ℹ️ Ya registrado HOY: 2500T TR - DGH9 71 051
2026-06-02 04:28:58,844 - INFO - ℹ️ Ya registrado HOY: 2500T TR - DGH9 71 051
2026-06-02 04:29:00,885 - INFO - ℹ️ Ya registrado HOY: 2500T TR - DGH9 71 051
2026-06-02 04:29:03,886 - INFO - ℹ️ Ya registrado HOY: 2500T TR - DGH9 71 051
2026-06-02 04:29:05,922 - INFO - ℹ️ Ya registrado HOY: 2500T TR - DGH9 71 051
2026-06-02 04:29:08,975 - INFO - ℹ️ Ya registrado HOY: 2500T TR - DGH9 71 051
2026-06-02 04:29:11,007 - INFO - ℹ️ Ya registrado HOY: 2500T TR - DGH9 71 051
2026-06-02 04:29:14,013 - INFO - ℹ️ Ya registrado HOY: 2500T TR - DGH9 71 051
2026-06-02 04:29:17,063 - INFO - ℹ️ Ya registrado HOY: 2500T TR - DGH9 71 051
2026-06-02 04:29:19,091 - INFO - ℹ️ Ya registrado HOY: 2500T TR - DGH9 71 051
2026-06-02 04:29:22,113 - INFO - ℹ️ Ya registrado HOY: 2500T TR - DGH9 71 051
2026-06-02 04:29:24,121 - INFO - ℹ️ Ya registrado HOY: 2500T TR - DGH9 71 051
2026-06-02 04:29:35,091 - INFO - ℹ️ Ya registrado HOY: 2500T TR - DGH9 71 051
2026-06-02 04:29:37,070 - INFO - ℹ️ Ya registrado HOY: 2500T TR - DGH9 71 051
2026-06-02 04:29:40,115 - INFO - ℹ️ Ya registrado HOY: 2500T TR - DGH9 71 051
2026-06-02 04:29:42,148 - INFO - ℹ️ Ya registrado HOY: 2500T TR - DGH9 71 051
2026-06-02 04:29:45,189 - INFO - ℹ️ Ya registrado HOY: 2500T TR - DGH9 71 051
2026-06-02 04:29:47,194 - INFO - ℹ️ Ya registrado HOY: 2500T TR - DGH9 71 051
2026-06-02 04:29:50,245 - INFO - ℹ️ Ya registrado HOY: 2500T TR - DGH9 71 051
2026-06-02 04:29:53,285 - INFO - ℹ️ Ya registrado HOY: 2500T TR - DGH9 71 051
2026-06-02 04:29:55,290 - INFO - ℹ️ Ya registrado HOY: 2500T TR - DGH9 71 051
2026-06-02 04:29:58,345 - INFO - ℹ️ Ya registrado HOY: 2500T TR - DGH9 71 051
2026-06-02 04:30:00,367 - INFO - ℹ️ Ya registrado HOY: 2500T TR - DGH9 71 051
2026-06-02 04:30:03,385 - INFO - ℹ️ Ya registrado HOY: 2500T TR - DGH9 71 051
2026-06-02 04:30:05,408 - INFO - ℹ️ Ya registrado HOY: 2500T TR - DGH9 71 051
2026-06-02 04:30:08,449 - INFO - ℹ️ Ya registrado HOY: 2500T TR - DGH9 71 051
2026-06-02 04:30:11,485 - INFO - ℹ️ Ya registrado HOY: 2500T TR - DGH9 71 051
2026-06-02 04:30:13,507 - INFO - ℹ️ Ya registrado HOY: 2500T TR - DGH9 71 051
2026-06-02 04:30:16,496 - INFO - ℹ️ Ya registrado HOY: 2500T TR - DGH9 71 051
2026-06-02 04:30:18,580 - INFO - ℹ️ Ya registrado HOY: 2500T TR - DGH9 71 051
2026-06-02 04:30:21,564 - INFO - ℹ️ Ya registrado HOY: 2500T TR - DGH9 71 051
2026-06-02 04:30:23,604 - INFO - ℹ️ Ya registrado HOY: 2500T TR - DGH9 71 051
2026-06-02 04:30:26,614 - INFO - ℹ️ Ya registrado HOY: 2500T TR - DGH9 71 051
2026-06-02 04:30:28,671 - INFO - ℹ️ Ya registrado HOY: 2500T TR - DGH9 71 051
2026-06-02 04:30:31,729 - INFO - ℹ️ Ya registrado HOY: 2500T TR - DGH9 71 051
2026-06-02 04:30:34,748 - INFO - ℹ️ Ya registrado HOY: 2500T TR - DGH9 71 051
2026-06-02 04:30:36,776 - INFO - ℹ️ Ya registrado HOY: 2500T TR - DGH9 71 051
2026-06-02 04:30:39,786 - INFO - ℹ️ Ya registrado HOY: 2500T TR - DGH9 71 051
2026-06-02 04:30:41,809 - INFO - ℹ️ Ya registrado HOY: 2500T TR - DGH9 71 051
2026-06-02 04:30:44,854 - INFO - ℹ️ Ya registrado HOY: 2500T TR - DGH9 71 051
2026-06-02 04:30:46,882 - INFO - ℹ️ Ya registrado HOY: 2500T TR - DGH9 71 051
2026-06-02 04:30:49,903 - INFO - ℹ️ Ya registrado HOY: 2500T TR - DGH9 71 051
2026-06-02 04:30:52,933 - INFO - ℹ️ Ya registrado HOY: 2500T TR - DGH9 71 051
2026-06-02 04:30:54,954 - INFO - ℹ️ Ya registrado HOY: 2500T TR - DGH9 71 051
2026-06-02 04:30:58,022 - INFO - ℹ️ Ya registrado HOY: 2500T TR - DGH9 71 051
2026-06-02 04:31:00,044 - INFO - ℹ️ Ya registrado HOY: 2500T TR - DGH9 71 051
2026-06-02 04:31:03,050 - INFO - ℹ️ Ya registrado HOY: 2500T TR - DGH9 71 051
2026-06-02 04:31:05,099 - INFO - ℹ️ Ya registrado HOY: 2500T TR - DGH9 71 051
2026-06-02 04:31:08,126 - INFO - ℹ️ Ya registrado HOY: 2500T TR - DGH9 71 051
2026-06-02 04:31:10,121 - INFO - ℹ️ Ya registrado HOY: 2500T TR - DGH9 71 051
2026-06-02 04:31:13,153 - INFO - ℹ️ Ya registrado HOY: 2500T TR - DGH9 71 051
2026-06-02 04:31:16,198 - INFO - ℹ️ Ya registrado HOY: 2500T TR - DGH9 71 051
2026-06-02 04:31:18,188 - INFO - ℹ️ Ya registrado HOY: 2500T TR - DGH9 71 051
2026-06-02 04:31:21,214 - INFO - ℹ️ Ya registrado HOY: 2500T TR - DGH9 71 051
2026-06-02 04:31:23,220 - INFO - ℹ️ Ya registrado HOY: 2500T TR - DGH9 71 051
2026-06-02 04:31:26,299 - INFO - ℹ️ Ya registrado HOY: 2500T TR - DGH9 71 051
2026-06-02 04:31:28,284 - INFO - ℹ️ Ya registrado HOY: 2500T TR - DGH9 71 051
2026-06-02 04:31:31,345 - INFO - ℹ️ Ya registrado HOY: 2500T TR - DGH9 71 051
2026-06-02 04:31:34,365 - INFO - ℹ️ Ya registrado HOY: 2500T TR - DGH9 71 051
2026-06-02 04:31:36,387 - INFO - ℹ️ Ya registrado HOY: 2500T TR - DGH9 71 051
2026-06-02 04:31:39,436 - INFO - ℹ️ Ya registrado HOY: 2500T TR - DGH9 71 051
2026-06-02 04:31:41,472 - INFO - ℹ️ Ya registrado HOY: 2500T TR - DGH9 71 051
2026-06-02 04:31:44,499 - INFO - ℹ️ Ya registrado HOY: 2500T TR - DGH9 71 051
2026-06-02 04:31:46,514 - INFO - ℹ️ Ya registrado HOY: 2500T TR - DGH9 71 051
2026-06-02 04:31:49,550 - INFO - ℹ️ Ya registrado HOY: 2500T TR - DGH9 71 051
2026-06-02 04:31:52,579 - INFO - ℹ️ Ya registrado HOY: 2500T TR - DGH9 71 051
2026-06-02 04:31:54,628 - INFO - ℹ️ Ya registrado HOY: 2500T TR - DGH9 71 051
2026-06-02 04:31:57,632 - INFO - ℹ️ Ya registrado HOY: 2500T TR - DGH9 71 051
2026-06-02 04:31:59,662 - INFO - ℹ️ Ya registrado HOY: 2500T TR - DGH9 71 051
2026-06-02 04:32:02,710 - INFO - ℹ️ Ya registrado HOY: 2500T TR - DGH9 71 051
2026-06-02 04:32:04,706 - INFO - ℹ️ Ya registrado HOY: 2500T TR - DGH9 71 051
2026-06-02 04:32:07,761 - INFO - ℹ️ Ya registrado HOY: 2500T TR - DGH9 71 051
2026-06-02 04:32:09,784 - INFO - ℹ️ Ya registrado HOY: 2500T TR - DGH9 71 051
2026-06-02 04:32:12,833 - INFO - ℹ️ Ya registrado HOY: 2500T TR - DGH9 71 051
2026-06-02 04:32:15,870 - INFO - ℹ️ Ya registrado HOY: 2500T TR - DGH9 71 051
2026-06-02 04:32:17,868 - INFO - ℹ️ Ya registrado HOY: 2500T TR - DGH9 71 051
2026-06-02 04:32:20,923 - INFO - ℹ️ Ya registrado HOY: 2500T TR - DGH9 71 051
2026-06-02 04:32:22,945 - INFO - ℹ️ Ya registrado HOY: 2500T TR - DGH9 71 051
2026-06-02 04:32:25,972 - INFO - ℹ️ Ya registrado HOY: 2500T TR - DGH9 71 051
2026-06-02 04:32:28,002 - INFO - ℹ️ Ya registrado HOY: 2500T TR - DGH9 71 051
2026-06-02 04:32:31,046 - INFO - ℹ️ Ya registrado HOY: 2500T TR - DGH9 71 051
2026-06-02 04:32:34,053 - INFO - ℹ️ Ya registrado HOY: 2500T TR - DGH9 71 051
2026-06-02 04:32:36,089 - INFO - ℹ️ Ya registrado HOY: 2500T TR - DGH9 71 051
2026-06-02 04:32:39,106 - INFO - ℹ️ Ya registrado HOY: 2500T TR - DGH9 71 051
2026-06-02 04:32:41,141 - INFO - ℹ️ Ya registrado HOY: 2500T TR - DGH9 71 051
2026-06-02 04:32:44,156 - INFO - ℹ️ Ya registrado HOY: 2500T TR - DGH9 71 051
2026-06-02 04:32:46,175 - INFO - ℹ️ Ya registrado HOY: 2500T TR - DGH9 71 051
2026-06-02 04:32:49,236 - INFO - ℹ️ Ya registrado HOY: 2500T TR - DGH9 71 051
2026-06-02 04:32:51,253 - INFO - ℹ️ Ya registrado HOY: 2500T TR - DGH9 71 051
2026-06-02 04:32:54,270 - INFO - ℹ️ Ya registrado HOY: 2500T TR - DGH9 71 051
2026-06-02 04:32:57,353 - INFO - ℹ️ Ya registrado HOY: 2500T TR - DGH9 71 051
2026-06-02 04:32:59,315 - INFO - ℹ️ Ya registrado HOY: 2500T TR - DGH9 71 051
2026-06-02 04:33:02,357 - INFO - ℹ️ Ya registrado HOY: 2500T TR - DGH9 71 051
2026-06-02 04:33:04,365 - INFO - ℹ️ Ya registrado HOY: 2500T TR - DGH9 71 051
2026-06-02 04:33:07,457 - INFO - ℹ️ Ya registrado HOY: 2500T TR - DGH9 71 051
2026-06-02 04:33:09,453 - INFO - ℹ️ Ya registrado HOY: 2500T TR - DGH9 71 051
2026-06-02 04:33:12,467 - INFO - ℹ️ Ya registrado HOY: 2500T TR - DGH9 71 051
2026-06-02 04:33:15,506 - INFO - ℹ️ Ya registrado HOY: 2500T TR - DGH9 71 051
2026-06-02 04:33:17,528 - INFO - ℹ️ Ya registrado HOY: 2500T TR - DGH9 71 051
2026-06-02 04:33:20,550 - INFO - ℹ️ Ya registrado HOY: 2500T TR - DGH9 71 051
2026-06-02 04:33:22,563 - INFO - ℹ️ Ya registrado HOY: 2500T TR - DGH9 71 051
2026-06-02 04:33:25,579 - INFO - ℹ️ Ya registrado HOY: 2500T TR - DGH9 71 051
2026-06-02 04:33:27,604 - INFO - ℹ️ Ya registrado HOY: 2500T TR - DGH9 71 051
2026-06-02 04:33:30,630 - INFO - ℹ️ Ya registrado HOY: 2500T TR - DGH9 71 051
2026-06-02 04:33:32,672 - INFO - ℹ️ Ya registrado HOY: 2500T TR - DGH9 71 051
2026-06-02 04:33:35,712 - INFO - ℹ️ Ya registrado HOY: 2500T TR - DGH9 71 051
2026-06-02 04:33:38,735 - INFO - ℹ️ Ya registrado HOY: 2500T TR - DGH9 71 051
2026-06-02 04:33:40,778 - INFO - ℹ️ Ya registrado HOY: 2500T TR - DGH9 71 051
2026-06-02 04:33:43,791 - INFO - ℹ️ Ya registrado HOY: 2500T TR - DGH9 71 051
2026-06-02 04:33:45,816 - INFO - ℹ️ Ya registrado HOY: 2500T TR - DGH9 71 051
2026-06-02 04:33:48,858 - INFO - ℹ️ Ya registrado HOY: 2500T TR - DGH9 71 051
2026-06-02 04:33:50,902 - INFO - ℹ️ Ya registrado HOY: 2500T TR - DGH9 71 051
2026-06-02 04:33:53,894 - INFO - ℹ️ Ya registrado HOY: 2500T TR - DGH9 71 051
2026-06-02 04:33:56,931 - INFO - ℹ️ Ya registrado HOY: 2500T TR - DGH9 71 051
2026-06-02 04:33:58,966 - INFO - ℹ️ Ya registrado HOY: 2500T TR - DGH9 71 051
2026-06-02 04:34:02,002 - INFO - ℹ️ Ya registrado HOY: 2500T TR - DGH9 71 051
2026-06-02 04:34:04,043 - INFO - ℹ️ Ya registrado HOY: 2500T TR - DGH9 71 051
2026-06-02 04:34:07,047 - INFO - ℹ️ Ya registrado HOY: 2500T TR - DGH9 71 051
2026-06-02 04:34:09,068 - INFO - ℹ️ Ya registrado HOY: 2500T TR - DGH9 71 051
2026-06-02 04:34:12,130 - INFO - ℹ️ Ya registrado HOY: 2500T TR - DGH9 71 051
2026-06-02 04:34:14,138 - INFO - ℹ️ Ya registrado HOY: 2500T TR - DGH9 71 051
2026-06-02 04:34:17,203 - INFO - ℹ️ Ya registrado HOY: 2500T TR - DGH9 71 051
2026-06-02 04:34:20,229 - INFO - ℹ️ Ya registrado HOY: 2500T TR - DGH9 71 051
2026-06-02 04:34:22,254 - INFO - ℹ️ Ya registrado HOY: 2500T TR - DGH9 71 051
2026-06-02 04:34:25,269 - INFO - ℹ️ Ya registrado HOY: 2500T TR - DGH9 71 051
2026-06-02 04:34:27,317 - INFO - ℹ️ Ya registrado HOY: 2500T TR - DGH9 71 051
2026-06-02 04:34:30,331 - INFO - ℹ️ Ya registrado HOY: 2500T TR - DGH9 71 051
2026-06-02 04:34:32,344 - INFO - ℹ️ Ya registrado HOY: 2500T TR - DGH9 71 051
2026-06-02 04:34:35,365 - INFO - ℹ️ Ya registrado HOY: 2500T TR - DGH9 71 051
2026-06-02 04:34:38,419 - INFO - ℹ️ Ya registrado HOY: 2500T TR - DGH9 71 051
2026-06-02 04:34:40,434 - INFO - ℹ️ Ya registrado HOY: 2500T TR - DGH9 71 051
2026-06-02 04:34:43,471 - INFO - ℹ️ Ya registrado HOY: 2500T TR - DGH9 71 051
2026-06-02 04:34:45,536 - INFO - ℹ️ Ya registrado HOY: 2500T TR - DGH9 71 051
2026-06-02 04:34:48,555 - INFO - ℹ️ Ya registrado HOY: 2500T TR - DGH9 71 051
2026-06-02 04:34:50,540 - INFO - ℹ️ Ya registrado HOY: 2500T TR - DGH9 71 051
2026-06-02 04:34:53,572 - INFO - ℹ️ Ya registrado HOY: 2500T TR - DGH9 71 051
2026-06-02 04:34:56,587 - INFO - ℹ️ Ya registrado HOY: 2500T TR - DGH9 71 051
2026-06-02 04:34:58,622 - INFO - ℹ️ Ya registrado HOY: 2500T TR - DGH9 71 051
2026-06-02 04:35:01,665 - INFO - ℹ️ Ya registrado HOY: 2500T TR - DGH9 71 051
2026-06-02 04:35:03,667 - INFO - ℹ️ Ya registrado HOY: 2500T TR - DGH9 71 051
2026-06-02 04:35:06,713 - INFO - ℹ️ Ya registrado HOY: 2500T TR - DGH9 71 051
2026-06-02 04:35:08,715 - INFO - ℹ️ Ya registrado HOY: 2500T TR - DGH9 71 051
2026-06-02 04:35:11,789 - INFO - ℹ️ Ya registrado HOY: 2500T TR - DGH9 71 051
2026-06-02 04:35:13,807 - INFO - ℹ️ Ya registrado HOY: 2500T TR - DGH9 71 051
2026-06-02 04:35:16,820 - INFO - ℹ️ Ya registrado HOY: 2500T TR - DGH9 71 051
2026-06-02 04:35:19,880 - INFO - ℹ️ Ya registrado HOY: 2500T TR - DGH9 71 051
2026-06-02 04:35:21,883 - INFO - ℹ️ Ya registrado HOY: 2500T TR - DGH9 71 051
2026-06-02 04:35:24,919 - INFO - ℹ️ Ya registrado HOY: 2500T TR - DGH9 71 051
2026-06-02 04:35:26,934 - INFO - ℹ️ Ya registrado HOY: 2500T TR - DGH9 71 051
2026-06-02 04:35:29,998 - INFO - ℹ️ Ya registrado HOY: 2500T TR - DGH9 71 051
2026-06-02 04:35:32,000 - INFO - ℹ️ Ya registrado HOY: 2500T TR - DGH9 71 051
2026-06-02 04:35:35,049 - INFO - ℹ️ Ya registrado HOY: 2500T TR - DGH9 71 051
2026-06-02 04:35:38,091 - INFO - ℹ️ Ya registrado HOY: 2500T TR - DGH9 71 051
2026-06-02 04:35:40,082 - INFO - ℹ️ Ya registrado HOY: 2500T TR - DGH9 71 051
2026-06-02 04:35:43,141 - INFO - ℹ️ Ya registrado HOY: 2500T TR - DGH9 71 051
2026-06-02 04:35:45,144 - INFO - ℹ️ Ya registrado HOY: 2500T TR - DGH9 71 051
2026-06-02 04:35:48,184 - INFO - ℹ️ Ya registrado HOY: 2500T TR - DGH9 71 051
2026-06-02 04:35:50,201 - INFO - ℹ️ Ya registrado HOY: 2500T TR - DGH9 71 051
2026-06-02 04:35:53,226 - INFO - ℹ️ Ya registrado HOY: 2500T TR - DGH9 71 051
2026-06-02 04:35:55,282 - INFO - ℹ️ Ya registrado HOY: 2500T TR - DGH9 71 051
2026-06-02 04:35:58,277 - INFO - ℹ️ Ya registrado HOY: 2500T TR - DGH9 71 051
2026-06-02 04:36:01,304 - INFO - ℹ️ Ya registrado HOY: 2500T TR - DGH9 71 051
2026-06-02 04:36:03,315 - INFO - ℹ️ Ya registrado HOY: 2500T TR - DGH9 71 051
2026-06-02 04:36:06,371 - INFO - ℹ️ Ya registrado HOY: 2500T TR - DGH9 71 051
2026-06-02 04:36:08,386 - INFO - ℹ️ Ya registrado HOY: 2500T TR - DGH9 71 051
2026-06-02 04:36:11,425 - INFO - ℹ️ Ya registrado HOY: 2500T TR - DGH9 71 051
2026-06-02 04:36:13,471 - INFO - ℹ️ Ya registrado HOY: 2500T TR - DGH9 71 051
2026-06-02 04:36:16,495 - INFO - ℹ️ Ya registrado HOY: 2500T TR - DGH9 71 051
2026-06-02 04:36:19,535 - INFO - ℹ️ Ya registrado HOY: 2500T TR - DGH9 71 051
2026-06-02 04:36:21,563 - INFO - ℹ️ Ya registrado HOY: 2500T TR - DGH9 71 051
2026-06-02 04:36:24,572 - INFO - ℹ️ Ya registrado HOY: 2500T TR - DGH9 71 051
2026-06-02 04:36:26,624 - INFO - ℹ️ Ya registrado HOY: 2500T TR - DGH9 71 051
2026-06-02 04:36:29,658 - INFO - ℹ️ Ya registrado HOY: 2500T TR - DGH9 71 051
2026-06-02 04:36:31,679 - INFO - ℹ️ Ya registrado HOY: 2500T TR - DGH9 71 051
2026-06-02 04:36:34,691 - INFO - ℹ️ Ya registrado HOY: 2500T TR - DGH9 71 051
2026-06-02 04:36:36,708 - INFO - ℹ️ Ya registrado HOY: 2500T TR - DGH9 71 051
2026-06-02 04:36:39,742 - INFO - ℹ️ Ya registrado HOY: 2500T TR - DGH9 71 051
2026-06-02 04:36:42,782 - INFO - ℹ️ Ya registrado HOY: 2500T TR - DGH9 71 051
2026-06-02 04:36:44,772 - INFO - ℹ️ Ya registrado HOY: 2500T TR - DGH9 71 051
2026-06-02 04:36:47,782 - INFO - ℹ️ Ya registrado HOY: 2500T TR - DGH9 71 051
2026-06-02 04:36:49,833 - INFO - ℹ️ Ya registrado HOY: 2500T TR - DGH9 71 051
2026-06-02 04:36:52,863 - INFO - ℹ️ Ya registrado HOY: 2500T TR - DGH9 71 051
2026-06-02 04:36:54,874 - INFO - ℹ️ Ya registrado HOY: 2500T TR - DGH9 71 051
2026-06-02 04:36:57,918 - INFO - ℹ️ Ya registrado HOY: 2500T TR - DGH9 71 051
2026-06-02 04:37:00,928 - INFO - ℹ️ Ya registrado HOY: 2500T TR - DGH9 71 051
2026-06-02 04:37:02,991 - INFO - ℹ️ Ya registrado HOY: 2500T TR - DGH9 71 051
2026-06-02 04:37:05,979 - INFO - ℹ️ Ya registrado HOY: 2500T TR - DGH9 71 051
2026-06-02 04:37:08,012 - INFO - ℹ️ Ya registrado HOY: 2500T TR - DGH9 71 051
2026-06-02 04:37:11,013 - INFO - ℹ️ Ya registrado HOY: 2500T TR - DGH9 71 051
2026-06-02 04:37:13,063 - INFO - ℹ️ Ya registrado HOY: 2500T TR - DGH9 71 051
2026-06-02 04:37:16,101 - INFO - ℹ️ Ya registrado HOY: 2500T TR - DGH9 71 051
2026-06-02 04:37:19,121 - INFO - ℹ️ Ya registrado HOY: 2500T TR - DGH9 71 051
2026-06-02 04:37:21,142 - INFO - ℹ️ Ya registrado HOY: 2500T TR - DGH9 71 051
2026-06-02 04:37:24,175 - INFO - ℹ️ Ya registrado HOY: 2500T TR - DGH9 71 051
2026-06-02 04:37:26,215 - INFO - ℹ️ Ya registrado HOY: 2500T TR - DGH9 71 051
2026-06-02 04:37:29,226 - INFO - ℹ️ Ya registrado HOY: 2500T TR - DGH9 71 051
2026-06-02 04:37:31,291 - INFO - ℹ️ Ya registrado HOY: 2500T TR - DGH9 71 051
2026-06-02 04:37:34,298 - INFO - ℹ️ Ya registrado HOY: 2500T TR - DGH9 71 051
2026-06-02 04:37:37,318 - INFO - ℹ️ Ya registrado HOY: 2500T TR - DGH9 71 051
2026-06-02 04:37:39,364 - INFO - ℹ️ Ya registrado HOY: 2500T TR - DGH9 71 051
2026-06-02 04:37:42,369 - INFO - ℹ️ Ya registrado HOY: 2500T TR - DGH9 71 051
2026-06-02 04:37:44,397 - INFO - ℹ️ Ya registrado HOY: 2500T TR - DGH9 71 051
2026-06-02 04:37:47,439 - INFO - ℹ️ Ya registrado HOY: 2500T TR - DGH9 71 051
2026-06-02 04:37:49,462 - INFO - ℹ️ Ya registrado HOY: 2500T TR - DGH9 71 051
2026-06-02 04:37:52,488 - INFO - ℹ️ Ya registrado HOY: 2500T TR - DGH9 71 051
2026-06-02 04:37:54,503 - INFO - ℹ️ Ya registrado HOY: 2500T TR - DGH9 71 051
2026-06-02 04:37:57,577 - INFO - ℹ️ Ya registrado HOY: 2500T TR - DGH9 71 051
2026-06-02 04:38:00,599 - INFO - ℹ️ Ya registrado HOY: 2500T TR - DGH9 71 051
2026-06-02 04:38:02,595 - INFO - ℹ️ Ya registrado HOY: 2500T TR - DGH9 71 051
2026-06-02 04:38:05,639 - INFO - ℹ️ Ya registrado HOY: 2500T TR - DGH9 71 051
2026-06-02 04:38:07,676 - INFO - ℹ️ Ya registrado HOY: 2500T TR - DGH9 71 051
2026-06-02 04:38:10,681 - INFO - ℹ️ Ya registrado HOY: 2500T TR - DGH9 71 051
2026-06-02 04:38:12,683 - INFO - ℹ️ Ya registrado HOY: 2500T TR - DGH9 71 051
2026-06-02 04:38:15,710 - INFO - ℹ️ Ya registrado HOY: 2500T TR - DGH9 71 051
2026-06-02 04:38:18,770 - INFO - ℹ️ Ya registrado HOY: 2500T TR - DGH9 71 051
2026-06-02 04:38:20,784 - INFO - ℹ️ Ya registrado HOY: 2500T TR - DGH9 71 051
2026-06-02 04:38:23,832 - INFO - ℹ️ Ya registrado HOY: 2500T TR - DGH9 71 051
2026-06-02 04:38:25,822 - INFO - ℹ️ Ya registrado HOY: 2500T TR - DGH9 71 051
2026-06-02 04:38:28,884 - INFO - ℹ️ Ya registrado HOY: 2500T TR - DGH9 71 051
2026-06-02 04:38:30,897 - INFO - ℹ️ Ya registrado HOY: 2500T TR - DGH9 71 051
2026-06-02 04:38:33,957 - INFO - ℹ️ Ya registrado HOY: 2500T TR - DGH9 71 051
2026-06-02 04:38:35,981 - INFO - ℹ️ Ya registrado HOY: 2500T TR - DGH9 71 051
2026-06-02 04:38:38,995 - INFO - ℹ️ Ya registrado HOY: 2500T TR - DGH9 71 051
2026-06-02 04:38:42,015 - INFO - ℹ️ Ya registrado HOY: 2500T TR - DGH9 71 051
2026-06-02 04:38:44,084 - INFO - ℹ️ Ya registrado HOY: 2500T TR - DGH9 71 051
2026-06-02 04:38:47,100 - INFO - ℹ️ Ya registrado HOY: 2500T TR - DGH9 71 051
2026-06-02 04:38:49,107 - INFO - ℹ️ Ya registrado HOY: 2500T TR - DGH9 71 051
2026-06-02 04:38:52,173 - INFO - ℹ️ Ya registrado HOY: 2500T TR - DGH9 71 051
2026-06-02 04:38:54,176 - INFO - ℹ️ Ya registrado HOY: 2500T TR - DGH9 71 051
2026-06-02 04:38:57,178 - INFO - ℹ️ Ya registrado HOY: 2500T TR - DGH9 71 051
2026-06-02 04:39:00,222 - INFO - ℹ️ Ya registrado HOY: 2500T TR - DGH9 71 051
2026-06-02 04:39:02,236 - INFO - ℹ️ Ya registrado HOY: 2500T TR - DGH9 71 051
2026-06-02 04:39:05,277 - INFO - ℹ️ Ya registrado HOY: 2500T TR - DGH9 71 051
2026-06-02 04:39:07,290 - INFO - ℹ️ Ya registrado HOY: 2500T TR - DGH9 71 051
2026-06-02 04:39:10,311 - INFO - ℹ️ Ya registrado HOY: 2500T TR - DGH9 71 051
2026-06-02 04:39:12,357 - INFO - ℹ️ Ya registrado HOY: 2500T TR - DGH9 71 051
2026-06-02 04:39:15,376 - INFO - ℹ️ Ya registrado HOY: 2500T TR - DGH9 71 051
2026-06-02 05:03:30,019 - INFO - ℹ️ Ya registrado HOY: 2500T TR - DGH9 71 051
2026-06-02 05:10:52,739 - WARNING - ⚠️ OSError [None] leyendo 'D3680' en PLC 10.1.1.1: timed out
2026-06-02 05:10:52,741 - WARNING - ⏱️ Timeout leyendo PLC 10.1.1.1 — cerrando socket y reconectando (delay corto)...
2026-06-02 05:10:54,747 - INFO - 🔌 Intentando conectar a PLC 10.1.1.1:5002
2026-06-02 05:10:54,766 - INFO - ✅ Conectado a PLC 10.1.1.1:5002
2026-06-02 05:36:54,759 - WARNING - ⚠️ OSError [None] leyendo 'D3680' en PLC 10.1.1.1: timed out
2026-06-02 05:36:54,760 - WARNING - ⏱️ Timeout leyendo PLC 10.1.1.1 — cerrando socket y reconectando (delay corto)...
2026-06-02 05:36:56,766 - INFO - 🔌 Intentando conectar a PLC 10.1.1.1:5002
2026-06-02 05:36:56,783 - INFO - ✅ Conectado a PLC 10.1.1.1:5002
2026-06-02 06:24:16,279 - WARNING - ⚠️ OSError [None] leyendo 'D3680' en PLC 10.1.1.1: timed out
2026-06-02 06:24:16,280 - WARNING - ⏱️ Timeout leyendo PLC 10.1.1.1 — cerrando socket y reconectando (delay corto)...
2026-06-02 06:24:18,286 - INFO - 🔌 Intentando conectar a PLC 10.1.1.1:5002
2026-06-02 06:24:18,303 - INFO - ✅ Conectado a PLC 10.1.1.1:5002
2026-06-02 07:16:33,808 - WARNING - ⚠️ OSError [None] leyendo 'D2830' en PLC 10.1.1.1: timed out
2026-06-02 07:16:33,810 - WARNING - ⏱️ Timeout leyendo PLC 10.1.1.1 — cerrando socket y reconectando (delay corto)...
2026-06-02 07:16:35,819 - INFO - 🔌 Intentando conectar a PLC 10.1.1.1:5002
2026-06-02 07:16:35,827 - INFO - ✅ Conectado a PLC 10.1.1.1:5002
2026-06-02 07:21:21,829 - WARNING - ⚠️ OSError [None] leyendo 'D2830' en PLC 10.1.1.1: timed out
2026-06-02 07:21:21,830 - WARNING - ⏱️ Timeout leyendo PLC 10.1.1.1 — cerrando socket y reconectando (delay corto)...
2026-06-02 07:21:23,835 - INFO - 🔌 Intentando conectar a PLC 10.1.1.1:5002
2026-06-02 07:21:23,852 - INFO - ✅ Conectado a PLC 10.1.1.1:5002
2026-06-02 08:07:36,402 - WARNING - ⚠️ OSError [None] leyendo 'D2010' en PLC 10.1.1.1: timed out
2026-06-02 08:07:36,405 - WARNING - ⏱️ Timeout leyendo PLC 10.1.1.1 — cerrando socket y reconectando (delay corto)...
2026-06-02 08:07:38,413 - INFO - 🔌 Intentando conectar a PLC 10.1.1.1:5002
2026-06-02 08:07:38,420 - INFO - ✅ Conectado a PLC 10.1.1.1:5002
2026-06-02 08:12:40,925 - WARNING - ⚠️ OSError [None] leyendo 'D2830' en PLC 10.1.1.1: timed out
2026-06-02 08:12:40,926 - WARNING - ⏱️ Timeout leyendo PLC 10.1.1.1 — cerrando socket y reconectando (delay corto)...
2026-06-02 08:12:42,933 - INFO - 🔌 Intentando conectar a PLC 10.1.1.1:5002
2026-06-02 08:12:42,949 - INFO - ✅ Conectado a PLC 10.1.1.1:5002
2026-06-02 08:16:24,969 - WARNING - ⚠️ OSError [None] leyendo 'D3680' en PLC 10.1.1.1: timed out
2026-06-02 08:16:24,970 - WARNING - ⏱️ Timeout leyendo PLC 10.1.1.1 — cerrando socket y reconectando (delay corto)...
2026-06-02 08:16:26,981 - INFO - 🔌 Intentando conectar a PLC 10.1.1.1:5002
2026-06-02 08:16:26,998 - INFO - ✅ Conectado a PLC 10.1.1.1:5002
2026-06-02 08:26:31,292 - WARNING - ⚠️ OSError [None] leyendo 'D2010' en PLC 10.1.1.1: timed out
2026-06-02 08:26:31,293 - WARNING - ⏱️ Timeout leyendo PLC 10.1.1.1 — cerrando socket y reconectando (delay corto)...
2026-06-02 08:26:33,297 - INFO - 🔌 Intentando conectar a PLC 10.1.1.1:5002
2026-06-02 08:26:33,302 - INFO - ✅ Conectado a PLC 10.1.1.1:5002
2026-06-02 09:09:33,314 - WARNING - ⚠️ OSError [None] leyendo 'D2830' en PLC 10.1.1.1: timed out
2026-06-02 09:09:33,315 - WARNING - ⏱️ Timeout leyendo PLC 10.1.1.1 — cerrando socket y reconectando (delay corto)...
2026-06-02 09:09:35,325 - INFO - 🔌 Intentando conectar a PLC 10.1.1.1:5002
2026-06-02 09:09:35,341 - INFO - ✅ Conectado a PLC 10.1.1.1:5002
2026-06-02 09:24:52,631 - WARNING - ⚠️ OSError [None] leyendo 'D2830' en PLC 10.1.1.1: timed out
2026-06-02 09:24:52,631 - WARNING - ⏱️ Timeout leyendo PLC 10.1.1.1 — cerrando socket y reconectando (delay corto)...
2026-06-02 09:24:54,636 - INFO - 🔌 Intentando conectar a PLC 10.1.1.1:5002
2026-06-02 09:24:54,640 - INFO - ✅ Conectado a PLC 10.1.1.1:5002
2026-06-02 09:35:51,187 - WARNING - ⚠️ OSError [None] leyendo 'D2010' en PLC 10.1.1.1: timed out
2026-06-02 09:35:51,187 - WARNING - ⏱️ Timeout leyendo PLC 10.1.1.1 — cerrando socket y reconectando (delay corto)...
2026-06-02 09:35:53,198 - INFO - 🔌 Intentando conectar a PLC 10.1.1.1:5002
2026-06-02 09:35:53,205 - INFO - ✅ Conectado a PLC 10.1.1.1:5002
